/Users/hogun/UnityProjects/My project/unity-project/Assets/Scripts/Controllers/MallSceneController.cs	BentoSelectionController
/Users/hogun/UnityProjects/My project/unity-project/Assets/Scripts/Entities/Cooking/cooking/Bento/BentoSetModel.cs	BentoBehavior
/Users/hogun/UnityProjects/My project/unity-project/Assets/Scripts/Entities/Cooking/cooking/CookingTool/CookingToolModel.cs	CookingToolDescription
/Users/hogun/UnityProjects/My project/unity-project/Assets/Scripts/Entities/Cooking/cooking/Description/Receipt.cs	ReceiptLine
/Users/hogun/UnityProjects/My project/unity-project/Assets/Scripts/Entities/Cooking/cooking/Description/SpeechBubble.cs	RectTransform
/Users/hogun/UnityProjects/My project/unity-project/Assets/Scripts/Entities/Cooking/cooking/Food/FoodModel.cs	IngredientDescription
/Users/hogun/UnityProjects/My project/unity-project/Assets/Scripts/Entities/Cooking/cooking/Food/FoodModel.cs	PolygonCollider2D
/Users/hogun/UnityProjects/My project/unity-project/Assets/Scripts/Entities/Cooking/cooking/Food/FoodModel.cs	SpriteRenderer
/Users/hogun/UnityProjects/My project/unity-project/Assets/Scripts/Entities/Cooking/cooking/OrderTicket/OrderTicketModel.cs	Renderer
/Users/hogun/UnityProjects/My project/unity-project/Assets/Scripts/Entities/Cooking/cooking/OrderTicket/OrderTicketModel.cs	ScanColliderUtil
/Users/hogun/UnityProjects/My project/unity-project/Assets/Scripts/Entities/Cooking/cooking/OrderTicket/OrderTicketModel.cs	SpriteRenderer
/Users/hogun/UnityProjects/My project/unity-project/Assets/Scripts/Entities/Cooking/cooking/RefrigeratorBehavior.cs	Collider2D
/Users/hogun/UnityProjects/My project/unity-project/Assets/Scripts/Entities/Cooking/customer/OrderingCustomer.cs	PolygonCollider2D
/Users/hogun/UnityProjects/My project/unity-project/Assets/Scripts/Entities/Cooking/customer/OrderingCustomer.cs	SpeechBubble
/Users/hogun/UnityProjects/My project/unity-project/Assets/Scripts/Entities/Cooking/customer/OrderingCustomer.cs	SpriteRenderer
/Users/hogun/UnityProjects/My project/unity-project/Assets/Scripts/Entities/Cooking/customer/TakingCustomer.cs	PolygonCollider2D
/Users/hogun/UnityProjects/My project/unity-project/Assets/Scripts/Entities/Cooking/customer/TakingCustomer.cs	SpeechBubble
/Users/hogun/UnityProjects/My project/unity-project/Assets/Scripts/Entities/Cooking/customer/TakingCustomer.cs	SpriteRenderer
/Users/hogun/UnityProjects/My project/unity-project/Assets/Scripts/Entities/Cooking/customer/WaitingCustomer.cs	GaugeUI
/Users/hogun/UnityProjects/My project/unity-project/Assets/Scripts/Entities/Cooking/customer/WaitingCustomer.cs	PolygonCollider2D
/Users/hogun/UnityProjects/My project/unity-project/Assets/Scripts/Entities/Cooking/customer/WaitingCustomer.cs	SpriteRenderer
/Users/hogun/UnityProjects/My project/unity-project/Assets/Scripts/Entities/Cooking/minigame/MinigameResult.cs	Animator
/Users/hogun/UnityProjects/My project/unity-project/Assets/Scripts/Entities/Cooking/minigame/MinigameResult.cs	SpriteRenderer
/Users/hogun/UnityProjects/My project/unity-project/Assets/Scripts/Entities/ItemShop/ShopListRow.cs	Button
/Users/hogun/UnityProjects/My project/unity-project/Assets/Scripts/Entities/Mall/CameraFollow.cs	Camera
/Users/hogun/UnityProjects/My project/unity-project/Assets/Scripts/Entities/Mall/Dialogue/DialogueManager.cs	Button
/Users/hogun/UnityProjects/My project/unity-project/Assets/Scripts/Entities/Mall/Dialogue/DialogueManager.cs	Image
/Users/hogun/UnityProjects/My project/unity-project/Assets/Scripts/Entities/Mall/Dialogue/DialogueManager.cs	TMP_Text
/Users/hogun/UnityProjects/My project/unity-project/Assets/Scripts/Entities/Mall/PlayerMove.cs	Rigidbody2D
/Users/hogun/UnityProjects/My project/unity-project/Assets/Scripts/Entities/Mall/PlayerMove.cs	SpriteRenderer
/Users/hogun/UnityProjects/My project/unity-project/Assets/Scripts/Entities/Mall/StairsInteraction.cs	Rigidbody2D
/Users/hogun/UnityProjects/My project/unity-project/Assets/Scripts/Entities/Mall/delivery/DeliveryNpc/DeliveryNpcDialogueInteraction.cs	DeliveryNpcContext
/Users/hogun/UnityProjects/My project/unity-project/Assets/Scripts/Entities/Mall/delivery/DeliveryNpc/DeliveryNpcDialogueInteraction.cs	DeliveryNpcView
/Users/hogun/UnityProjects/My project/unity-project/Assets/Scripts/Entities/Mall/delivery/DeliveryNpc/DeliveryNpcDialogueInteraction.cs	OrderTicketModel
/Users/hogun/UnityProjects/My project/unity-project/Assets/Scripts/Entities/Mall/delivery/DeliveryNpc/DeliveryNpcDialogueInteraction.cs	Receipt
/Users/hogun/UnityProjects/My project/unity-project/Assets/Scripts/Entities/Mall/delivery/DeliveryNpc/DeliveryNpcOrderInteraction.cs	DeliveryNpcContext
/Users/hogun/UnityProjects/My project/unity-project/Assets/Scripts/Entities/Mall/delivery/DeliveryNpc/DeliveryNpcOrderInteraction.cs	DeliveryNpcView
/Users/hogun/UnityProjects/My project/unity-project/Assets/Scripts/Entities/Mall/delivery/DeliveryNpc/DeliveryNpcOrderInteraction.cs	OrderTicketModel
/Users/hogun/UnityProjects/My project/unity-project/Assets/Scripts/Entities/Mall/delivery/DeliveryNpc/DeliveryNpcOrderInteraction.cs	Receipt
/Users/hogun/UnityProjects/My project/unity-project/Assets/Scripts/Entities/Mall/delivery/DeliveryNpc/DeliveryNpcOrderInteraction.cs	SpeechBubble
/Users/hogun/UnityProjects/My project/unity-project/Assets/Scripts/Entities/Mall/delivery/DeliveryNpc/DeliveryNpcReceiptInteraction.cs	DeliveryNpcView
/Users/hogun/UnityProjects/My project/unity-project/Assets/Scripts/Entities/Mall/delivery/DeliveryNpc/DeliveryNpcReceiptInteraction.cs	SpeechBubble
/Users/hogun/UnityProjects/My project/unity-project/Assets/Scripts/Entities/Mall/delivery/DeliveryNpc/DeliveryNpcView.cs	DeliveryNpcInteraction
/Users/hogun/UnityProjects/My project/unity-project/Assets/Scripts/Entities/Mall/delivery/DeliveryNpc/DeliveryNpcView.cs	MonoBehaviour
/Users/hogun/UnityProjects/My project/unity-project/Assets/Scripts/Entities/Mall/delivery/DeliveryNpc/DeliveryNpcView.cs	SpriteRenderer
/Users/hogun/UnityProjects/My project/unity-project/Assets/Scripts/Entities/RecipeBook/inventory/InventoryPageController.cs	Image
/Users/hogun/UnityProjects/My project/unity-project/Assets/Scripts/Entities/RecipeBook/inventory/InventoryPageController.cs	InventorySlot
/Users/hogun/UnityProjects/My project/unity-project/Assets/Scripts/Entities/RecipeBook/inventory/InventoryPageController.cs	TextMeshProUGUI
/Users/hogun/UnityProjects/My project/unity-project/Assets/Scripts/Entities/RecipeBook/inventory/InventorySlot.cs	Button
/Users/hogun/UnityProjects/My project/unity-project/Assets/Scripts/Entities/RecipeBook/menu/MenuCardController.cs	HorizontalLayoutGroup
/Users/hogun/UnityProjects/My project/unity-project/Assets/Scripts/Entities/RecipeBook/menu/MenuCardController.cs	Image
/Users/hogun/UnityProjects/My project/unity-project/Assets/Scripts/Entities/RecipeBook/menu/MenuCardController.cs	LayoutElement
/Users/hogun/UnityProjects/My project/unity-project/Assets/Scripts/Entities/RecipeBook/menu/MenuCardController.cs	RectTransform
/Users/hogun/UnityProjects/My project/unity-project/Assets/Scripts/Entities/RecipeBook/menu/MenuCardController.cs	TextMeshProUGUI
/Users/hogun/UnityProjects/My project/unity-project/Assets/Scripts/Entities/RecipeBook/menu/MenuCardOverlay.cs	MenuCardController
/Users/hogun/UnityProjects/My project/unity-project/Assets/Scripts/Entities/RecipeBook/menu/MenuCardOverlay.cs	RectTransform
/Users/hogun/UnityProjects/My project/unity-project/Assets/Scripts/Entities/RecipeBook/menu/MenuSlot.cs	Image
/Users/hogun/UnityProjects/My project/unity-project/Assets/Scripts/Managers/GlobalButtonSfxManager.cs	Button
/Users/hogun/UnityProjects/My project/unity-project/Assets/Scripts/Managers/GlobalButtonSfxManager.cs	Slider
/Users/hogun/UnityProjects/My project/unity-project/Assets/Scripts/Managers/LoadingManager.cs	RectTransform
/Users/hogun/UnityProjects/My project/unity-project/Assets/Scripts/Managers/RecipeBookManager.cs	Button
/Users/hogun/UnityProjects/My project/unity-project/Assets/Scripts/Managers/RecipeBookManager.cs	InventoryPageController
/Users/hogun/UnityProjects/My project/unity-project/Assets/Scripts/Managers/RecipeBookManager.cs	MenuCardOverlay
/Users/hogun/UnityProjects/My project/unity-project/Assets/Scripts/Managers/RecipeBookManager.cs	MenuSlot
/Users/hogun/UnityProjects/My project/unity-project/Assets/Scripts/Managers/RecipeBookManager.cs	RectTransform
/Users/hogun/UnityProjects/My project/unity-project/Assets/Scripts/Managers/SettingsUIManager.cs	Image
/Users/hogun/UnityProjects/My project/unity-project/Assets/Scripts/Managers/SettingsUIManager.cs	RectTransform
/Users/hogun/UnityProjects/My project/unity-project/Assets/Scripts/Managers/UIManager.cs	RectTransform
/Users/hogun/UnityProjects/My project/unity-project/Assets/Scripts/Managers/cooking/CookingSceneManager.cs	CookingToolModel
/Users/hogun/UnityProjects/My project/unity-project/Assets/Scripts/Managers/cooking/CookingSceneManager.cs	FoodModel
/Users/hogun/UnityProjects/My project/unity-project/Assets/Scripts/Managers/cooking/CookingSceneManager.cs	LowerShelf
/Users/hogun/UnityProjects/My project/unity-project/Assets/Scripts/Managers/cooking/CookingSceneManager.cs	MiniGameManager
/Users/hogun/UnityProjects/My project/unity-project/Assets/Scripts/Managers/cooking/CookingSceneManager.cs	Refrigerator
/Users/hogun/UnityProjects/My project/unity-project/Assets/Scripts/Managers/cooking/CookingSceneManager.cs	UpperShelf
/Users/hogun/UnityProjects/My project/unity-project/Assets/Scripts/Managers/cooking/CustomerManager.cs	Receipt
/Users/hogun/UnityProjects/My project/unity-project/Assets/Scripts/Managers/cooking/CustomerManager.cs	StatManager
/Users/hogun/UnityProjects/My project/unity-project/Assets/Scripts/Managers/cooking/CustomerSpawner.cs	OrderingCustomer
/Users/hogun/UnityProjects/My project/unity-project/Assets/Scripts/Managers/cooking/CustomerSpawner.cs	TakingCustomer
/Users/hogun/UnityProjects/My project/unity-project/Assets/Scripts/Managers/cooking/CustomerSpawner.cs	WaitingCustomer
/Users/hogun/UnityProjects/My project/unity-project/Assets/Scripts/Managers/cooking/OrderTicketController.cs	OrderTicketModel
/Users/hogun/UnityProjects/My project/unity-project/Assets/Scripts/Managers/cooking/OrderTicketController.cs	Receipt
/Users/hogun/UnityProjects/My project/unity-project/Assets/Scripts/Managers/shop/UnifiedShopManager.cs	Button
/Users/hogun/UnityProjects/My project/unity-project/Assets/Scripts/Managers/shop/UnifiedShopManager.cs	Canvas
/Users/hogun/UnityProjects/My project/unity-project/Assets/Scripts/Managers/shop/UnifiedShopManager.cs	CanvasScaler
/Users/hogun/UnityProjects/My project/unity-project/Assets/Scripts/Managers/shop/UnifiedShopManager.cs	RectTransform
/Users/hogun/UnityProjects/My project/unity-project/Assets/Scripts/Managers/shop/UnifiedShopManager.cs	ShopDetailPanel
/Users/hogun/UnityProjects/My project/unity-project/Assets/Scripts/Managers/shop/UnifiedShopManager.cs	ShopListRow
/Users/hogun/UnityProjects/My project/unity-project/Assets/Scripts/Managers/shop/UnifiedShopManager.cs	TextMeshProUGUI
/Users/hogun/UnityProjects/My project/unity-project/Assets/Scripts/Systems/Commons/PlayerSaveLoad.cs	GameManager
/Users/hogun/UnityProjects/My project/unity-project/Assets/Scripts/Systems/MiniGameSystem/GriddleMinigame.cs	SpriteRenderer
/Users/hogun/UnityProjects/My project/unity-project/Assets/Scripts/Systems/MiniGameSystem/MiniGameAbstract.cs	MinigameResult
/Users/hogun/UnityProjects/My project/unity-project/Assets/Scripts/Systems/MiniGameSystem/MiniGameManager.cs	MiniGameAbstract
/Users/hogun/UnityProjects/My project/unity-project/Assets/Scripts/Systems/MiniGameSystem/SauceMiniGame.cs	GuidedButtonAnimator
/Users/hogun/UnityProjects/My project/unity-project/Assets/Scripts/Systems/MiniGameSystem/SauceMiniGame.cs	MiniGameAbstract
/Users/hogun/UnityProjects/My project/unity-project/Assets/Scripts/Systems/MiniGameSystem/SliceMiniGame.cs	SpriteRenderer
/Users/hogun/UnityProjects/My project/unity-project/Assets/Scripts/Systems/MiniGameSystem/helper/ButtonAnimator.cs	Animator
/Users/hogun/UnityProjects/My project/unity-project/Assets/Scripts/Systems/MiniGameSystem/helper/GuidedButtonAnimator.cs	Animator
/Users/hogun/UnityProjects/My project/unity-project/Assets/Scripts/Systems/MiniGameSystem/helper/MouseAnimator.cs	Animator
/Users/hogun/UnityProjects/My project/unity-project/Assets/Scripts/UI/BentoCategoryUI.cs	MenuSelectionItem
/Users/hogun/UnityProjects/My project/unity-project/Assets/Scripts/UI/FlexibleGridCell.cs	RectTransform
/Users/hogun/UnityProjects/My project/unity-project/Assets/Scripts/UI/InteractPromptUI.cs	RectTransform
/Users/hogun/UnityProjects/My project/unity-project/Assets/Scripts/UI/MenuSelectionItem.cs	Button
/Users/hogun/UnityProjects/My project/unity-project/Assets/Scripts/UI/RecipeBookToggleButton.cs	Button
/Users/hogun/UnityProjects/My project/unity-project/Assets/Scripts/UI/TooltipController.cs	CookingToolModel
/Users/hogun/UnityProjects/My project/unity-project/Assets/Scripts/UI/TooltipController.cs	FoodModel
/Users/hogun/UnityProjects/My project/unity-project/Assets/Scripts/UI/TooltipController.cs	RectTransform
/Users/hogun/UnityProjects/My project/unity-project/Assets/Scripts/Utilities/SpriteStackRenderer.cs	SpriteRenderer
/Users/hogun/UnityProjects/My project/unity-project/Assets/Scripts/Utilities/VisibleStateUtil.cs	Renderer
/Users/hogun/UnityProjects/My project/unity-project/Assets/Scripts/Utilities/VisibleStateUtil.cs	SpriteRenderer
/Users/hogun/UnityProjects/My project/unity-project/Assets/Scripts/Utilities/mouseControl/ClickStateUtil.cs	SpriteRenderer
/Users/hogun/UnityProjects/My project/unity-project/Assets/Scripts/Utilities/mouseControl/DragSortingBump.cs	SpriteRenderer
/Users/hogun/UnityProjects/My project/unity-project/Assets/Scripts/Utilities/mouseControl/ScanColliderUtil.cs	Collider2D
