26	/Users/hogun/UnityProjects/My project/unity-project/Assets/Scripts/Controllers/GameStart.cs
5	/Users/hogun/UnityProjects/My project/unity-project/Assets/Scripts/Controllers/MallSceneController.cs
1	/Users/hogun/UnityProjects/My project/unity-project/Assets/Scripts/Controllers/SubSceneController.cs
2	/Users/hogun/UnityProjects/My project/unity-project/Assets/Scripts/Entities/Cooking/cooking/Bento/BentoModel.cs
5	/Users/hogun/UnityProjects/My project/unity-project/Assets/Scripts/Entities/Cooking/cooking/CookingBackgroundController.cs
1	/Users/hogun/UnityProjects/My project/unity-project/Assets/Scripts/Entities/Cooking/cooking/CookingTool/CookingToolModel.cs
1	/Users/hogun/UnityProjects/My project/unity-project/Assets/Scripts/Entities/Cooking/cooking/LowerShelf.cs
2	/Users/hogun/UnityProjects/My project/unity-project/Assets/Scripts/Entities/Cooking/cooking/OrderTicket/OrderTicketModel.cs
1	/Users/hogun/UnityProjects/My project/unity-project/Assets/Scripts/Entities/Cooking/cooking/Refrigerator.cs
2	/Users/hogun/UnityProjects/My project/unity-project/Assets/Scripts/Entities/Cooking/cooking/RefrigeratorBehavior.cs
1	/Users/hogun/UnityProjects/My project/unity-project/Assets/Scripts/Entities/Cooking/cooking/UpperShelf.cs
3	/Users/hogun/UnityProjects/My project/unity-project/Assets/Scripts/Entities/Cooking/customer/TakingCustomer.cs
6	/Users/hogun/UnityProjects/My project/unity-project/Assets/Scripts/Entities/Cooking/customer/WaitingCustomer.cs
10	/Users/hogun/UnityProjects/My project/unity-project/Assets/Scripts/Entities/Garden/Farm.cs
2	/Users/hogun/UnityProjects/My project/unity-project/Assets/Scripts/Entities/Garden/FarmTile.cs
12	/Users/hogun/UnityProjects/My project/unity-project/Assets/Scripts/Entities/ItemShop/ShopDetailPanel.cs
1	/Users/hogun/UnityProjects/My project/unity-project/Assets/Scripts/Entities/Mall/Dialogue/CasualDialogueProvider.cs
3	/Users/hogun/UnityProjects/My project/unity-project/Assets/Scripts/Entities/Mall/Dialogue/DialogueManager.cs
1	/Users/hogun/UnityProjects/My project/unity-project/Assets/Scripts/Entities/Mall/PlayerMove.cs
1	/Users/hogun/UnityProjects/My project/unity-project/Assets/Scripts/Entities/Mall/UnifiedShopInteraction.cs
4	/Users/hogun/UnityProjects/My project/unity-project/Assets/Scripts/Entities/Mall/delivery/DeliveryNpc/DeliveryNpcDialogueInteraction.cs
1	/Users/hogun/UnityProjects/My project/unity-project/Assets/Scripts/Entities/Mall/delivery/DeliveryNpc/DeliveryNpcOrderInteraction.cs
2	/Users/hogun/UnityProjects/My project/unity-project/Assets/Scripts/Entities/Mall/delivery/DeliveryNpc/DeliveryNpcReceiptInteraction.cs
5	/Users/hogun/UnityProjects/My project/unity-project/Assets/Scripts/Entities/Mall/delivery/OrderManager.cs
6	/Users/hogun/UnityProjects/My project/unity-project/Assets/Scripts/Entities/RecipeBook/inventory/InventoryPageController.cs
5	/Users/hogun/UnityProjects/My project/unity-project/Assets/Scripts/Entities/RecipeBook/menu/MenuCardController.cs
5	/Users/hogun/UnityProjects/My project/unity-project/Assets/Scripts/Entities/RecipeBook/menu/MenuCardOverlay.cs
4	/Users/hogun/UnityProjects/My project/unity-project/Assets/Scripts/Entities/RecipeBook/menu/MenuSlot.cs
2	/Users/hogun/UnityProjects/My project/unity-project/Assets/Scripts/Interfaces/Cooking/RecipeBookMenuProvider.cs
1	/Users/hogun/UnityProjects/My project/unity-project/Assets/Scripts/Managers/GlobalButtonSfxManager.cs
1	/Users/hogun/UnityProjects/My project/unity-project/Assets/Scripts/Managers/InventoryManager.cs
8	/Users/hogun/UnityProjects/My project/unity-project/Assets/Scripts/Managers/RecipeBookManager.cs
5	/Users/hogun/UnityProjects/My project/unity-project/Assets/Scripts/Managers/RecipeDataManager.cs
2	/Users/hogun/UnityProjects/My project/unity-project/Assets/Scripts/Managers/SettingsUIManager.cs
8	/Users/hogun/UnityProjects/My project/unity-project/Assets/Scripts/Managers/SoundManager.cs
2	/Users/hogun/UnityProjects/My project/unity-project/Assets/Scripts/Managers/UISoundManager.cs
4	/Users/hogun/UnityProjects/My project/unity-project/Assets/Scripts/Managers/UnlockedFoodManager.cs
2	/Users/hogun/UnityProjects/My project/unity-project/Assets/Scripts/Managers/cooking/CookingSceneManager.cs
1	/Users/hogun/UnityProjects/My project/unity-project/Assets/Scripts/Managers/cooking/CustomerLifecycle.cs
9	/Users/hogun/UnityProjects/My project/unity-project/Assets/Scripts/Managers/cooking/CustomerManager.cs
7	/Users/hogun/UnityProjects/My project/unity-project/Assets/Scripts/Managers/cooking/StatManager.cs
3	/Users/hogun/UnityProjects/My project/unity-project/Assets/Scripts/Managers/garden/FarmUpgradeManager.cs
3	/Users/hogun/UnityProjects/My project/unity-project/Assets/Scripts/Managers/shop/StorageUpgradeManager.cs
3	/Users/hogun/UnityProjects/My project/unity-project/Assets/Scripts/Managers/shop/ToolUpgradeManager.cs
12	/Users/hogun/UnityProjects/My project/unity-project/Assets/Scripts/Managers/shop/UnifiedShopManager.cs
13	/Users/hogun/UnityProjects/My project/unity-project/Assets/Scripts/Systems/Commons/ProgressSystem.cs
1	/Users/hogun/UnityProjects/My project/unity-project/Assets/Scripts/Systems/Commons/SettlementManager.cs
2	/Users/hogun/UnityProjects/My project/unity-project/Assets/Scripts/Systems/Commons/StatsSystem.cs
8	/Users/hogun/UnityProjects/My project/unity-project/Assets/Scripts/Systems/Commons/TimeManager.cs
3	/Users/hogun/UnityProjects/My project/unity-project/Assets/Scripts/Systems/MiniGameSystem/FireMiniGame.cs
4	/Users/hogun/UnityProjects/My project/unity-project/Assets/Scripts/Systems/MiniGameSystem/GriddleMinigame.cs
1	/Users/hogun/UnityProjects/My project/unity-project/Assets/Scripts/Systems/MiniGameSystem/MiniGameAbstract.cs
1	/Users/hogun/UnityProjects/My project/unity-project/Assets/Scripts/Systems/MiniGameSystem/MiniGameManager.cs
1	/Users/hogun/UnityProjects/My project/unity-project/Assets/Scripts/Systems/MiniGameSystem/MixMiniGame.cs
2	/Users/hogun/UnityProjects/My project/unity-project/Assets/Scripts/Systems/MiniGameSystem/SauceMiniGame.cs
1	/Users/hogun/UnityProjects/My project/unity-project/Assets/Scripts/Systems/MiniGameSystem/SliceMiniGame.cs
8	/Users/hogun/UnityProjects/My project/unity-project/Assets/Scripts/UI/BentoSelectionController.cs
1	/Users/hogun/UnityProjects/My project/unity-project/Assets/Scripts/UI/MenuSelectionItem.cs
5	/Users/hogun/UnityProjects/My project/unity-project/Assets/Scripts/UI/PhaseActionSelector.cs
7	/Users/hogun/UnityProjects/My project/unity-project/Assets/Scripts/UI/SettingsController.cs
4	/Users/hogun/UnityProjects/My project/unity-project/Assets/Scripts/UI/Settlement/SettlementController.cs
4	/Users/hogun/UnityProjects/My project/unity-project/Assets/Scripts/UI/TooltipController.cs
11	/Users/hogun/UnityProjects/My project/unity-project/Assets/Scripts/UI/stats/ClockUI.cs
5	/Users/hogun/UnityProjects/My project/unity-project/Assets/Scripts/UI/stats/MoneyUI.cs
9	/Users/hogun/UnityProjects/My project/unity-project/Assets/Scripts/UI/stats/NumericStatsViewer.cs
5	/Users/hogun/UnityProjects/My project/unity-project/Assets/Scripts/UI/stats/StaminaGauge.cs
27	/Users/hogun/UnityProjects/My project/unity-project/Assets/Scripts/Utilities/SaveManager.cs
4	/Users/hogun/UnityProjects/My project/unity-project/Assets/Scripts/Utilities/SceneLoader.cs
