32	/Users/hogun/UnityProjects/My project/unity-project/Assets/Scripts/Controllers/BootLoader.cs
112	/Users/hogun/UnityProjects/My project/unity-project/Assets/Scripts/Controllers/GameStart.cs
37	/Users/hogun/UnityProjects/My project/unity-project/Assets/Scripts/Controllers/IdleSceneController.cs
153	/Users/hogun/UnityProjects/My project/unity-project/Assets/Scripts/Controllers/MallSceneController.cs
29	/Users/hogun/UnityProjects/My project/unity-project/Assets/Scripts/Controllers/SubSceneController.cs
95	/Users/hogun/UnityProjects/My project/unity-project/Assets/Scripts/Entities/Cooking/cooking/BaseStorage.cs
56	/Users/hogun/UnityProjects/My project/unity-project/Assets/Scripts/Entities/Cooking/cooking/Bento/BentoBehavior.cs
127	/Users/hogun/UnityProjects/My project/unity-project/Assets/Scripts/Entities/Cooking/cooking/Bento/BentoModel.cs
8	/Users/hogun/UnityProjects/My project/unity-project/Assets/Scripts/Entities/Cooking/cooking/Bento/BentoPositionModel.cs
38	/Users/hogun/UnityProjects/My project/unity-project/Assets/Scripts/Entities/Cooking/cooking/Bento/BentoSetModel.cs
35	/Users/hogun/UnityProjects/My project/unity-project/Assets/Scripts/Entities/Cooking/cooking/CookingBackgroundController.cs
64	/Users/hogun/UnityProjects/My project/unity-project/Assets/Scripts/Entities/Cooking/cooking/CookingTool/CookingToolBehavior.cs
225	/Users/hogun/UnityProjects/My project/unity-project/Assets/Scripts/Entities/Cooking/cooking/CookingTool/CookingToolModel.cs
104	/Users/hogun/UnityProjects/My project/unity-project/Assets/Scripts/Entities/Cooking/cooking/CookingTool/CookingToolSchema.cs
25	/Users/hogun/UnityProjects/My project/unity-project/Assets/Scripts/Entities/Cooking/cooking/Description/CookingToolDescription.cs
20	/Users/hogun/UnityProjects/My project/unity-project/Assets/Scripts/Entities/Cooking/cooking/Description/IngredientDescription.cs
32	/Users/hogun/UnityProjects/My project/unity-project/Assets/Scripts/Entities/Cooking/cooking/Description/Receipt.cs
13	/Users/hogun/UnityProjects/My project/unity-project/Assets/Scripts/Entities/Cooking/cooking/Description/ReceiptLine.cs
37	/Users/hogun/UnityProjects/My project/unity-project/Assets/Scripts/Entities/Cooking/cooking/Description/SpeechBubble.cs
54	/Users/hogun/UnityProjects/My project/unity-project/Assets/Scripts/Entities/Cooking/cooking/Enums/ResourcePaths.cs
7	/Users/hogun/UnityProjects/My project/unity-project/Assets/Scripts/Entities/Cooking/cooking/Enums/Tags.cs
40	/Users/hogun/UnityProjects/My project/unity-project/Assets/Scripts/Entities/Cooking/cooking/Food/FoodBehavior.cs
258	/Users/hogun/UnityProjects/My project/unity-project/Assets/Scripts/Entities/Cooking/cooking/Food/FoodModel.cs
15	/Users/hogun/UnityProjects/My project/unity-project/Assets/Scripts/Entities/Cooking/cooking/Food/FoodSchema.cs
22	/Users/hogun/UnityProjects/My project/unity-project/Assets/Scripts/Entities/Cooking/cooking/LowerShelf.cs
37	/Users/hogun/UnityProjects/My project/unity-project/Assets/Scripts/Entities/Cooking/cooking/OrderTicket/OrderTicketBehavior.cs
102	/Users/hogun/UnityProjects/My project/unity-project/Assets/Scripts/Entities/Cooking/cooking/OrderTicket/OrderTicketModel.cs
24	/Users/hogun/UnityProjects/My project/unity-project/Assets/Scripts/Entities/Cooking/cooking/Refrigerator.cs
53	/Users/hogun/UnityProjects/My project/unity-project/Assets/Scripts/Entities/Cooking/cooking/RefrigeratorBehavior.cs
22	/Users/hogun/UnityProjects/My project/unity-project/Assets/Scripts/Entities/Cooking/cooking/UpperShelf.cs
132	/Users/hogun/UnityProjects/My project/unity-project/Assets/Scripts/Entities/Cooking/cooking/dataType/FoodData.cs
50	/Users/hogun/UnityProjects/My project/unity-project/Assets/Scripts/Entities/Cooking/cooking/dataType/IngredientData.cs
29	/Users/hogun/UnityProjects/My project/unity-project/Assets/Scripts/Entities/Cooking/cooking/dataType/MenuSchema.cs
60	/Users/hogun/UnityProjects/My project/unity-project/Assets/Scripts/Entities/Cooking/cooking/dataType/MenuSelection.cs
76	/Users/hogun/UnityProjects/My project/unity-project/Assets/Scripts/Entities/Cooking/cooking/dataType/RecipeData.cs
100	/Users/hogun/UnityProjects/My project/unity-project/Assets/Scripts/Entities/Cooking/customer/OrderingCustomer.cs
79	/Users/hogun/UnityProjects/My project/unity-project/Assets/Scripts/Entities/Cooking/customer/TakingCustomer.cs
97	/Users/hogun/UnityProjects/My project/unity-project/Assets/Scripts/Entities/Cooking/customer/WaitingCustomer.cs
48	/Users/hogun/UnityProjects/My project/unity-project/Assets/Scripts/Entities/Cooking/minigame/MinigameResult.cs
180	/Users/hogun/UnityProjects/My project/unity-project/Assets/Scripts/Entities/Garden/Farm.cs
82	/Users/hogun/UnityProjects/My project/unity-project/Assets/Scripts/Entities/Garden/FarmTile.cs
15	/Users/hogun/UnityProjects/My project/unity-project/Assets/Scripts/Entities/Garden/FarmUpgradeData.cs
15	/Users/hogun/UnityProjects/My project/unity-project/Assets/Scripts/Entities/Garden/GardenShopSlot.cs
29	/Users/hogun/UnityProjects/My project/unity-project/Assets/Scripts/Entities/ItemShop/FoodShopConfigSO.cs
8	/Users/hogun/UnityProjects/My project/unity-project/Assets/Scripts/Entities/ItemShop/ShopConfigSO.cs
162	/Users/hogun/UnityProjects/My project/unity-project/Assets/Scripts/Entities/ItemShop/ShopDetailPanel.cs
42	/Users/hogun/UnityProjects/My project/unity-project/Assets/Scripts/Entities/ItemShop/ShopListRow.cs
22	/Users/hogun/UnityProjects/My project/unity-project/Assets/Scripts/Entities/ItemShop/dataType/ItemShopSlotInfo.cs
15	/Users/hogun/UnityProjects/My project/unity-project/Assets/Scripts/Entities/ItemShop/dataType/StorageUpgradeData.cs
17	/Users/hogun/UnityProjects/My project/unity-project/Assets/Scripts/Entities/ItemShop/dataType/ToolUpgradeData.cs
50	/Users/hogun/UnityProjects/My project/unity-project/Assets/Scripts/Entities/Mall/CameraFollow.cs
100	/Users/hogun/UnityProjects/My project/unity-project/Assets/Scripts/Entities/Mall/Dialogue/CasualDialogueProvider.cs
40	/Users/hogun/UnityProjects/My project/unity-project/Assets/Scripts/Entities/Mall/Dialogue/CasualNpcInteraction.cs
307	/Users/hogun/UnityProjects/My project/unity-project/Assets/Scripts/Entities/Mall/Dialogue/DialogueManager.cs
29	/Users/hogun/UnityProjects/My project/unity-project/Assets/Scripts/Entities/Mall/Dialogue/DialogueSO.cs
84	/Users/hogun/UnityProjects/My project/unity-project/Assets/Scripts/Entities/Mall/Dialogue/NPCDialogue.cs
28	/Users/hogun/UnityProjects/My project/unity-project/Assets/Scripts/Entities/Mall/DynamicBoundaryWalls.cs
35	/Users/hogun/UnityProjects/My project/unity-project/Assets/Scripts/Entities/Mall/FarmPathInteraction.cs
63	/Users/hogun/UnityProjects/My project/unity-project/Assets/Scripts/Entities/Mall/PlayerMove.cs
40	/Users/hogun/UnityProjects/My project/unity-project/Assets/Scripts/Entities/Mall/SceneTransitionInteraction.cs
46	/Users/hogun/UnityProjects/My project/unity-project/Assets/Scripts/Entities/Mall/StairsInteraction.cs
37	/Users/hogun/UnityProjects/My project/unity-project/Assets/Scripts/Entities/Mall/UnifiedShopInteraction.cs
11	/Users/hogun/UnityProjects/My project/unity-project/Assets/Scripts/Entities/Mall/delivery/DeliveryNpc/DeliveryDialogueConfig.cs
12	/Users/hogun/UnityProjects/My project/unity-project/Assets/Scripts/Entities/Mall/delivery/DeliveryNpc/DeliveryNpcContext.cs
26	/Users/hogun/UnityProjects/My project/unity-project/Assets/Scripts/Entities/Mall/delivery/DeliveryNpc/DeliveryNpcData.cs
340	/Users/hogun/UnityProjects/My project/unity-project/Assets/Scripts/Entities/Mall/delivery/DeliveryNpc/DeliveryNpcDialogueInteraction.cs
41	/Users/hogun/UnityProjects/My project/unity-project/Assets/Scripts/Entities/Mall/delivery/DeliveryNpc/DeliveryNpcInteraction.cs
95	/Users/hogun/UnityProjects/My project/unity-project/Assets/Scripts/Entities/Mall/delivery/DeliveryNpc/DeliveryNpcOrderInteraction.cs
70	/Users/hogun/UnityProjects/My project/unity-project/Assets/Scripts/Entities/Mall/delivery/DeliveryNpc/DeliveryNpcReceiptInteraction.cs
40	/Users/hogun/UnityProjects/My project/unity-project/Assets/Scripts/Entities/Mall/delivery/DeliveryNpc/DeliveryNpcSpawner.cs
6	/Users/hogun/UnityProjects/My project/unity-project/Assets/Scripts/Entities/Mall/delivery/DeliveryNpc/DeliveryNpcState.cs
76	/Users/hogun/UnityProjects/My project/unity-project/Assets/Scripts/Entities/Mall/delivery/DeliveryNpc/DeliveryNpcView.cs
9	/Users/hogun/UnityProjects/My project/unity-project/Assets/Scripts/Entities/Mall/delivery/DeliveryNpc/DeliveryQuestStage.cs
22	/Users/hogun/UnityProjects/My project/unity-project/Assets/Scripts/Entities/Mall/delivery/DeliveryOrderData.cs
161	/Users/hogun/UnityProjects/My project/unity-project/Assets/Scripts/Entities/Mall/delivery/OrderManager.cs
9	/Users/hogun/UnityProjects/My project/unity-project/Assets/Scripts/Entities/RecipeBook/Enums/ActionType.cs
235	/Users/hogun/UnityProjects/My project/unity-project/Assets/Scripts/Entities/RecipeBook/inventory/InventoryPageController.cs
54	/Users/hogun/UnityProjects/My project/unity-project/Assets/Scripts/Entities/RecipeBook/inventory/InventorySlot.cs
594	/Users/hogun/UnityProjects/My project/unity-project/Assets/Scripts/Entities/RecipeBook/menu/MenuCardController.cs
98	/Users/hogun/UnityProjects/My project/unity-project/Assets/Scripts/Entities/RecipeBook/menu/MenuCardOverlay.cs
66	/Users/hogun/UnityProjects/My project/unity-project/Assets/Scripts/Entities/RecipeBook/menu/MenuSlot.cs
28	/Users/hogun/UnityProjects/My project/unity-project/Assets/Scripts/Entities/SO/CookingToolData.cs
18	/Users/hogun/UnityProjects/My project/unity-project/Assets/Scripts/Entities/SO/CropData.cs
12	/Users/hogun/UnityProjects/My project/unity-project/Assets/Scripts/Entities/SO/CustomerData.cs
17	/Users/hogun/UnityProjects/My project/unity-project/Assets/Scripts/Entities/Stats/BasicStats.cs
5	/Users/hogun/UnityProjects/My project/unity-project/Assets/Scripts/Interfaces/Cooking/ISelectMenu.cs
16	/Users/hogun/UnityProjects/My project/unity-project/Assets/Scripts/Interfaces/Cooking/LoadInventoryUsecase.cs
8	/Users/hogun/UnityProjects/My project/unity-project/Assets/Scripts/Interfaces/Cooking/PlayMinigameUsecase.cs
33	/Users/hogun/UnityProjects/My project/unity-project/Assets/Scripts/Interfaces/Cooking/RecipeBookMenuProvider.cs
5	/Users/hogun/UnityProjects/My project/unity-project/Assets/Scripts/Interfaces/Cooking/SearchRecipeUsecase.cs
10	/Users/hogun/UnityProjects/My project/unity-project/Assets/Scripts/Interfaces/Gardening/TimePhaseProvider.cs
6	/Users/hogun/UnityProjects/My project/unity-project/Assets/Scripts/Interfaces/IBentoValidator.cs
4	/Users/hogun/UnityProjects/My project/unity-project/Assets/Scripts/Interfaces/INpcInteraction.cs
9	/Users/hogun/UnityProjects/My project/unity-project/Assets/Scripts/Interfaces/IOrderCommand.cs
8	/Users/hogun/UnityProjects/My project/unity-project/Assets/Scripts/Interfaces/IOrderReader.cs
23	/Users/hogun/UnityProjects/My project/unity-project/Assets/Scripts/Interfaces/IUnlockedFoodProvider.cs
115	/Users/hogun/UnityProjects/My project/unity-project/Assets/Scripts/Managers/ActionSelectionManager.cs
54	/Users/hogun/UnityProjects/My project/unity-project/Assets/Scripts/Managers/GlobalButtonSfxManager.cs
34	/Users/hogun/UnityProjects/My project/unity-project/Assets/Scripts/Managers/HUDManager.cs
302	/Users/hogun/UnityProjects/My project/unity-project/Assets/Scripts/Managers/InventoryManager.cs
165	/Users/hogun/UnityProjects/My project/unity-project/Assets/Scripts/Managers/LoadingManager.cs
264	/Users/hogun/UnityProjects/My project/unity-project/Assets/Scripts/Managers/RecipeBookManager.cs
191	/Users/hogun/UnityProjects/My project/unity-project/Assets/Scripts/Managers/RecipeDataManager.cs
107	/Users/hogun/UnityProjects/My project/unity-project/Assets/Scripts/Managers/RecipeLookupService.cs
73	/Users/hogun/UnityProjects/My project/unity-project/Assets/Scripts/Managers/SettingsUIManager.cs
143	/Users/hogun/UnityProjects/My project/unity-project/Assets/Scripts/Managers/SoundManager.cs
113	/Users/hogun/UnityProjects/My project/unity-project/Assets/Scripts/Managers/UIManager.cs
9	/Users/hogun/UnityProjects/My project/unity-project/Assets/Scripts/Managers/UISoundManager.cs
182	/Users/hogun/UnityProjects/My project/unity-project/Assets/Scripts/Managers/UnlockedFoodManager.cs
68	/Users/hogun/UnityProjects/My project/unity-project/Assets/Scripts/Managers/cooking/CookingSceneManager.cs
192	/Users/hogun/UnityProjects/My project/unity-project/Assets/Scripts/Managers/cooking/CustomerLifecycle.cs
422	/Users/hogun/UnityProjects/My project/unity-project/Assets/Scripts/Managers/cooking/CustomerManager.cs
188	/Users/hogun/UnityProjects/My project/unity-project/Assets/Scripts/Managers/cooking/CustomerSpawner.cs
129	/Users/hogun/UnityProjects/My project/unity-project/Assets/Scripts/Managers/cooking/OrderTicketController.cs
43	/Users/hogun/UnityProjects/My project/unity-project/Assets/Scripts/Managers/cooking/StatManager.cs
41	/Users/hogun/UnityProjects/My project/unity-project/Assets/Scripts/Managers/garden/CropDataManager.cs
43	/Users/hogun/UnityProjects/My project/unity-project/Assets/Scripts/Managers/garden/FarmTileStorage.cs
94	/Users/hogun/UnityProjects/My project/unity-project/Assets/Scripts/Managers/garden/FarmUpgradeManager.cs
94	/Users/hogun/UnityProjects/My project/unity-project/Assets/Scripts/Managers/shop/StorageUpgradeManager.cs
102	/Users/hogun/UnityProjects/My project/unity-project/Assets/Scripts/Managers/shop/ToolUpgradeManager.cs
442	/Users/hogun/UnityProjects/My project/unity-project/Assets/Scripts/Managers/shop/UnifiedShopManager.cs
26	/Users/hogun/UnityProjects/My project/unity-project/Assets/Scripts/Systems/Commons/InventorySaveData.cs
19	/Users/hogun/UnityProjects/My project/unity-project/Assets/Scripts/Systems/Commons/PhaseData.cs
7	/Users/hogun/UnityProjects/My project/unity-project/Assets/Scripts/Systems/Commons/PhaseType.cs
55	/Users/hogun/UnityProjects/My project/unity-project/Assets/Scripts/Systems/Commons/PlayerSaveLoad.cs
106	/Users/hogun/UnityProjects/My project/unity-project/Assets/Scripts/Systems/Commons/ProgressSystem.cs
55	/Users/hogun/UnityProjects/My project/unity-project/Assets/Scripts/Systems/Commons/SettlementManager.cs
101	/Users/hogun/UnityProjects/My project/unity-project/Assets/Scripts/Systems/Commons/StatsSystem.cs
216	/Users/hogun/UnityProjects/My project/unity-project/Assets/Scripts/Systems/Commons/TimeManager.cs
19	/Users/hogun/UnityProjects/My project/unity-project/Assets/Scripts/Systems/Commons/WeatherSystem.cs
17	/Users/hogun/UnityProjects/My project/unity-project/Assets/Scripts/Systems/GardenSystem/ButtonHover.cs
33	/Users/hogun/UnityProjects/My project/unity-project/Assets/Scripts/Systems/MiniGameSystem/ClickMiniGame.cs
157	/Users/hogun/UnityProjects/My project/unity-project/Assets/Scripts/Systems/MiniGameSystem/FireMiniGame.cs
183	/Users/hogun/UnityProjects/My project/unity-project/Assets/Scripts/Systems/MiniGameSystem/GriddleMinigame.cs
109	/Users/hogun/UnityProjects/My project/unity-project/Assets/Scripts/Systems/MiniGameSystem/MiniGameAbstract.cs
86	/Users/hogun/UnityProjects/My project/unity-project/Assets/Scripts/Systems/MiniGameSystem/MiniGameManager.cs
128	/Users/hogun/UnityProjects/My project/unity-project/Assets/Scripts/Systems/MiniGameSystem/MixMiniGame.cs
117	/Users/hogun/UnityProjects/My project/unity-project/Assets/Scripts/Systems/MiniGameSystem/SauceMiniGame.cs
151	/Users/hogun/UnityProjects/My project/unity-project/Assets/Scripts/Systems/MiniGameSystem/SliceMiniGame.cs
18	/Users/hogun/UnityProjects/My project/unity-project/Assets/Scripts/Systems/MiniGameSystem/helper/ArrowButton.cs
17	/Users/hogun/UnityProjects/My project/unity-project/Assets/Scripts/Systems/MiniGameSystem/helper/ButtonAnimator.cs
49	/Users/hogun/UnityProjects/My project/unity-project/Assets/Scripts/Systems/MiniGameSystem/helper/GuidedButtonAnimator.cs
22	/Users/hogun/UnityProjects/My project/unity-project/Assets/Scripts/Systems/MiniGameSystem/helper/MouseAnimator.cs
25	/Users/hogun/UnityProjects/My project/unity-project/Assets/Scripts/Systems/MiniGameSystem/helper/SliceScorer.cs
56	/Users/hogun/UnityProjects/My project/unity-project/Assets/Scripts/Systems/MiniGameSystem/helper/SliceVisualizer.cs
70	/Users/hogun/UnityProjects/My project/unity-project/Assets/Scripts/UI/BentoCategoryUI.cs
183	/Users/hogun/UnityProjects/My project/unity-project/Assets/Scripts/UI/BentoSelectionController.cs
55	/Users/hogun/UnityProjects/My project/unity-project/Assets/Scripts/UI/BentoSlotUI.cs
49	/Users/hogun/UnityProjects/My project/unity-project/Assets/Scripts/UI/FlexibleGridCell.cs
45	/Users/hogun/UnityProjects/My project/unity-project/Assets/Scripts/UI/FullScreenSelector.cs
51	/Users/hogun/UnityProjects/My project/unity-project/Assets/Scripts/UI/InteractPromptUI.cs
23	/Users/hogun/UnityProjects/My project/unity-project/Assets/Scripts/UI/LayoutForceRebuild.cs
100	/Users/hogun/UnityProjects/My project/unity-project/Assets/Scripts/UI/MenuSelectionItem.cs
21	/Users/hogun/UnityProjects/My project/unity-project/Assets/Scripts/UI/MinAspectRatio.cs
137	/Users/hogun/UnityProjects/My project/unity-project/Assets/Scripts/UI/PhaseActionSelector.cs
77	/Users/hogun/UnityProjects/My project/unity-project/Assets/Scripts/UI/RecipeBookToggleButton.cs
68	/Users/hogun/UnityProjects/My project/unity-project/Assets/Scripts/UI/ScreenResolutionSelector.cs
92	/Users/hogun/UnityProjects/My project/unity-project/Assets/Scripts/UI/SettingsController.cs
91	/Users/hogun/UnityProjects/My project/unity-project/Assets/Scripts/UI/Settlement/SettlementController.cs
26	/Users/hogun/UnityProjects/My project/unity-project/Assets/Scripts/UI/Settlement/SettlementLineItemUI.cs
109	/Users/hogun/UnityProjects/My project/unity-project/Assets/Scripts/UI/TooltipController.cs
23	/Users/hogun/UnityProjects/My project/unity-project/Assets/Scripts/UI/UIColors.cs
199	/Users/hogun/UnityProjects/My project/unity-project/Assets/Scripts/UI/ValidationFeedbackUI.cs
42	/Users/hogun/UnityProjects/My project/unity-project/Assets/Scripts/UI/WorldUIPositioner.cs
39	/Users/hogun/UnityProjects/My project/unity-project/Assets/Scripts/UI/general/GaugeUI.cs
80	/Users/hogun/UnityProjects/My project/unity-project/Assets/Scripts/UI/stats/ClockUI.cs
46	/Users/hogun/UnityProjects/My project/unity-project/Assets/Scripts/UI/stats/MoneyUI.cs
66	/Users/hogun/UnityProjects/My project/unity-project/Assets/Scripts/UI/stats/NumericStatsViewer.cs
69	/Users/hogun/UnityProjects/My project/unity-project/Assets/Scripts/UI/stats/StaminaGauge.cs
69	/Users/hogun/UnityProjects/My project/unity-project/Assets/Scripts/Utilities/ManagerBootstrap.cs
269	/Users/hogun/UnityProjects/My project/unity-project/Assets/Scripts/Utilities/MenuValidator.cs
147	/Users/hogun/UnityProjects/My project/unity-project/Assets/Scripts/Utilities/SaveManager.cs
93	/Users/hogun/UnityProjects/My project/unity-project/Assets/Scripts/Utilities/SceneLoader.cs
12	/Users/hogun/UnityProjects/My project/unity-project/Assets/Scripts/Utilities/SceneNames.cs
127	/Users/hogun/UnityProjects/My project/unity-project/Assets/Scripts/Utilities/SearchDataUtil.cs
34	/Users/hogun/UnityProjects/My project/unity-project/Assets/Scripts/Utilities/SingletonMonoBehaviour.cs
119	/Users/hogun/UnityProjects/My project/unity-project/Assets/Scripts/Utilities/SpriteStackRenderer.cs
59	/Users/hogun/UnityProjects/My project/unity-project/Assets/Scripts/Utilities/UILockManager.cs
50	/Users/hogun/UnityProjects/My project/unity-project/Assets/Scripts/Utilities/VisibleStateUtil.cs
46	/Users/hogun/UnityProjects/My project/unity-project/Assets/Scripts/Utilities/dataIO/CsvModelConverter.cs
68	/Users/hogun/UnityProjects/My project/unity-project/Assets/Scripts/Utilities/dataIO/DataSaveUtil.cs
81	/Users/hogun/UnityProjects/My project/unity-project/Assets/Scripts/Utilities/editor/SpriteAssetAlignWithText.cs
55	/Users/hogun/UnityProjects/My project/unity-project/Assets/Scripts/Utilities/editor/SpriteFallbackAutoRegister.cs
190	/Users/hogun/UnityProjects/My project/unity-project/Assets/Scripts/Utilities/mouseControl/ClickStateUtil.cs
56	/Users/hogun/UnityProjects/My project/unity-project/Assets/Scripts/Utilities/mouseControl/DragSortingBump.cs
118	/Users/hogun/UnityProjects/My project/unity-project/Assets/Scripts/Utilities/mouseControl/HorizontalCameraMove.cs
57	/Users/hogun/UnityProjects/My project/unity-project/Assets/Scripts/Utilities/mouseControl/HoverStateUtil.cs
72	/Users/hogun/UnityProjects/My project/unity-project/Assets/Scripts/Utilities/mouseControl/ScanColliderUtil.cs
118	/Users/hogun/UnityProjects/My project/unity-project/Assets/Scripts/Utilities/randoms/GameRandom.cs
60	/Users/hogun/UnityProjects/My project/unity-project/Assets/Scripts/Utilities/randoms/RandomGeneral.cs
23	/Users/hogun/UnityProjects/My project/unity-project/Assets/Scripts/Utilities/randoms/RandomNormal.cs
