22	Start	/Users/hogun/UnityProjects/My project/unity-project/Assets/Scripts/Controllers/BootLoader.cs
26	ProcessContinue	/Users/hogun/UnityProjects/My project/unity-project/Assets/Scripts/Controllers/GameStart.cs
36	NewGame	/Users/hogun/UnityProjects/My project/unity-project/Assets/Scripts/Controllers/GameStart.cs
4	OpenSetting	/Users/hogun/UnityProjects/My project/unity-project/Assets/Scripts/Controllers/GameStart.cs
11	Start	/Users/hogun/UnityProjects/My project/unity-project/Assets/Scripts/Controllers/IdleSceneController.cs
9	TransitionToScene	/Users/hogun/UnityProjects/My project/unity-project/Assets/Scripts/Controllers/IdleSceneController.cs
53	Start	/Users/hogun/UnityProjects/My project/unity-project/Assets/Scripts/Controllers/MallSceneController.cs
13	OnGoHome	/Users/hogun/UnityProjects/My project/unity-project/Assets/Scripts/Controllers/MallSceneController.cs
15	OpenMenuSelection	/Users/hogun/UnityProjects/My project/unity-project/Assets/Scripts/Controllers/MallSceneController.cs
26	ShowPhaseEndConfirm	/Users/hogun/UnityProjects/My project/unity-project/Assets/Scripts/Controllers/MallSceneController.cs
11	OnPhaseEndResult	/Users/hogun/UnityProjects/My project/unity-project/Assets/Scripts/Controllers/MallSceneController.cs
5	Start	/Users/hogun/UnityProjects/My project/unity-project/Assets/Scripts/Controllers/SubSceneController.cs
8	ReturnToIdle	/Users/hogun/UnityProjects/My project/unity-project/Assets/Scripts/Controllers/SubSceneController.cs
10	AddIngredients	/Users/hogun/UnityProjects/My project/unity-project/Assets/Scripts/Entities/Cooking/cooking/BaseStorage.cs
6	AddIngredients	/Users/hogun/UnityProjects/My project/unity-project/Assets/Scripts/Entities/Cooking/cooking/BaseStorage.cs
6	HandleFoodDestroyed	/Users/hogun/UnityProjects/My project/unity-project/Assets/Scripts/Entities/Cooking/cooking/BaseStorage.cs
7	RefreshPosition	/Users/hogun/UnityProjects/My project/unity-project/Assets/Scripts/Entities/Cooking/cooking/BaseStorage.cs
2	CalculatePositionForIndex	/Users/hogun/UnityProjects/My project/unity-project/Assets/Scripts/Entities/Cooking/cooking/BaseStorage.cs
4	GetCount	/Users/hogun/UnityProjects/My project/unity-project/Assets/Scripts/Entities/Cooking/cooking/BaseStorage.cs
11	Clear	/Users/hogun/UnityProjects/My project/unity-project/Assets/Scripts/Entities/Cooking/cooking/BaseStorage.cs
19	ProcessMovement	/Users/hogun/UnityProjects/My project/unity-project/Assets/Scripts/Entities/Cooking/cooking/Bento/BentoBehavior.cs
4	AddTexture	/Users/hogun/UnityProjects/My project/unity-project/Assets/Scripts/Entities/Cooking/cooking/Bento/BentoBehavior.cs
4	AddTexture	/Users/hogun/UnityProjects/My project/unity-project/Assets/Scripts/Entities/Cooking/cooking/Bento/BentoBehavior.cs
8	OnDestroy	/Users/hogun/UnityProjects/My project/unity-project/Assets/Scripts/Entities/Cooking/cooking/Bento/BentoModel.cs
30	AddIngredient	/Users/hogun/UnityProjects/My project/unity-project/Assets/Scripts/Entities/Cooking/cooking/Bento/BentoModel.cs
11	AddOrderTicket	/Users/hogun/UnityProjects/My project/unity-project/Assets/Scripts/Entities/Cooking/cooking/Bento/BentoModel.cs
26	SetPosition	/Users/hogun/UnityProjects/My project/unity-project/Assets/Scripts/Entities/Cooking/cooking/Bento/BentoModel.cs
4	getFoodList	/Users/hogun/UnityProjects/My project/unity-project/Assets/Scripts/Entities/Cooking/cooking/Bento/BentoModel.cs
8	GetBentoPosition	/Users/hogun/UnityProjects/My project/unity-project/Assets/Scripts/Entities/Cooking/cooking/Bento/BentoModel.cs
6	Awake	/Users/hogun/UnityProjects/My project/unity-project/Assets/Scripts/Entities/Cooking/cooking/Bento/BentoSetModel.cs
4	OnDestroy	/Users/hogun/UnityProjects/My project/unity-project/Assets/Scripts/Entities/Cooking/cooking/Bento/BentoSetModel.cs
12	SpawnBento	/Users/hogun/UnityProjects/My project/unity-project/Assets/Scripts/Entities/Cooking/cooking/Bento/BentoSetModel.cs
12	ApplyPhase	/Users/hogun/UnityProjects/My project/unity-project/Assets/Scripts/Entities/Cooking/cooking/CookingBackgroundController.cs
19	ProcessMovement	/Users/hogun/UnityProjects/My project/unity-project/Assets/Scripts/Entities/Cooking/cooking/CookingTool/CookingToolBehavior.cs
4	ResetTexture	/Users/hogun/UnityProjects/My project/unity-project/Assets/Scripts/Entities/Cooking/cooking/CookingTool/CookingToolBehavior.cs
4	AddTexture	/Users/hogun/UnityProjects/My project/unity-project/Assets/Scripts/Entities/Cooking/cooking/CookingTool/CookingToolBehavior.cs
4	SetTexture	/Users/hogun/UnityProjects/My project/unity-project/Assets/Scripts/Entities/Cooking/cooking/CookingTool/CookingToolBehavior.cs
2	Inject	/Users/hogun/UnityProjects/My project/unity-project/Assets/Scripts/Entities/Cooking/cooking/CookingTool/CookingToolModel.cs
20	UpdateTooltipContent	/Users/hogun/UnityProjects/My project/unity-project/Assets/Scripts/Entities/Cooking/cooking/CookingTool/CookingToolModel.cs
16	AddIngredient	/Users/hogun/UnityProjects/My project/unity-project/Assets/Scripts/Entities/Cooking/cooking/CookingTool/CookingToolModel.cs
22	AddToBento	/Users/hogun/UnityProjects/My project/unity-project/Assets/Scripts/Entities/Cooking/cooking/CookingTool/CookingToolModel.cs
28	TransferIngredient	/Users/hogun/UnityProjects/My project/unity-project/Assets/Scripts/Entities/Cooking/cooking/CookingTool/CookingToolModel.cs
4	GetToolId	/Users/hogun/UnityProjects/My project/unity-project/Assets/Scripts/Entities/Cooking/cooking/CookingTool/CookingToolModel.cs
15	DetectTrashcan	/Users/hogun/UnityProjects/My project/unity-project/Assets/Scripts/Entities/Cooking/cooking/CookingTool/CookingToolModel.cs
24	PlayMinigame	/Users/hogun/UnityProjects/My project/unity-project/Assets/Scripts/Entities/Cooking/cooking/CookingTool/CookingToolModel.cs
12	OnMinigameEnd	/Users/hogun/UnityProjects/My project/unity-project/Assets/Scripts/Entities/Cooking/cooking/CookingTool/CookingToolModel.cs
2	CookingToolSchema	/Users/hogun/UnityProjects/My project/unity-project/Assets/Scripts/Entities/Cooking/cooking/CookingTool/CookingToolSchema.cs
4	IsCookable	/Users/hogun/UnityProjects/My project/unity-project/Assets/Scripts/Entities/Cooking/cooking/CookingTool/CookingToolSchema.cs
23	IsAddable	/Users/hogun/UnityProjects/My project/unity-project/Assets/Scripts/Entities/Cooking/cooking/CookingTool/CookingToolSchema.cs
14	AddIngredient	/Users/hogun/UnityProjects/My project/unity-project/Assets/Scripts/Entities/Cooking/cooking/CookingTool/CookingToolSchema.cs
6	ClearIngredient	/Users/hogun/UnityProjects/My project/unity-project/Assets/Scripts/Entities/Cooking/cooking/CookingTool/CookingToolSchema.cs
4	MinigameStart	/Users/hogun/UnityProjects/My project/unity-project/Assets/Scripts/Entities/Cooking/cooking/CookingTool/CookingToolSchema.cs
21	Cook	/Users/hogun/UnityProjects/My project/unity-project/Assets/Scripts/Entities/Cooking/cooking/CookingTool/CookingToolSchema.cs
4	GetResult	/Users/hogun/UnityProjects/My project/unity-project/Assets/Scripts/Entities/Cooking/cooking/CookingTool/CookingToolSchema.cs
4	setName	/Users/hogun/UnityProjects/My project/unity-project/Assets/Scripts/Entities/Cooking/cooking/Description/CookingToolDescription.cs
4	setIngredients	/Users/hogun/UnityProjects/My project/unity-project/Assets/Scripts/Entities/Cooking/cooking/Description/CookingToolDescription.cs
4	setResult	/Users/hogun/UnityProjects/My project/unity-project/Assets/Scripts/Entities/Cooking/cooking/Description/CookingToolDescription.cs
6	SetTexts	/Users/hogun/UnityProjects/My project/unity-project/Assets/Scripts/Entities/Cooking/cooking/Description/IngredientDescription.cs
4	UpdateCount	/Users/hogun/UnityProjects/My project/unity-project/Assets/Scripts/Entities/Cooking/cooking/Description/IngredientDescription.cs
5	Set	/Users/hogun/UnityProjects/My project/unity-project/Assets/Scripts/Entities/Cooking/cooking/Description/ReceiptLine.cs
4	setContents	/Users/hogun/UnityProjects/My project/unity-project/Assets/Scripts/Entities/Cooking/cooking/Description/SpeechBubble.cs
22	PlaceNear	/Users/hogun/UnityProjects/My project/unity-project/Assets/Scripts/Entities/Cooking/cooking/Description/SpeechBubble.cs
15	ProcessMovement	/Users/hogun/UnityProjects/My project/unity-project/Assets/Scripts/Entities/Cooking/cooking/Food/FoodBehavior.cs
34	Inject	/Users/hogun/UnityProjects/My project/unity-project/Assets/Scripts/Entities/Cooking/cooking/Food/FoodModel.cs
50	ComputeConvexHull	/Users/hogun/UnityProjects/My project/unity-project/Assets/Scripts/Entities/Cooking/cooking/Food/FoodModel.cs
6	IsCounterClockwise	/Users/hogun/UnityProjects/My project/unity-project/Assets/Scripts/Entities/Cooking/cooking/Food/FoodModel.cs
21	ExpandPolygonFromCentroid	/Users/hogun/UnityProjects/My project/unity-project/Assets/Scripts/Entities/Cooking/cooking/Food/FoodModel.cs
13	UpdateTooltipContent	/Users/hogun/UnityProjects/My project/unity-project/Assets/Scripts/Entities/Cooking/cooking/Food/FoodModel.cs
28	AddToCookingTool	/Users/hogun/UnityProjects/My project/unity-project/Assets/Scripts/Entities/Cooking/cooking/Food/FoodModel.cs
27	AddToBento	/Users/hogun/UnityProjects/My project/unity-project/Assets/Scripts/Entities/Cooking/cooking/Food/FoodModel.cs
4	SetDefaultPosition	/Users/hogun/UnityProjects/My project/unity-project/Assets/Scripts/Entities/Cooking/cooking/Food/FoodModel.cs
4	GetDefaultPosition	/Users/hogun/UnityProjects/My project/unity-project/Assets/Scripts/Entities/Cooking/cooking/Food/FoodModel.cs
5	FoodSchema	/Users/hogun/UnityProjects/My project/unity-project/Assets/Scripts/Entities/Cooking/cooking/Food/FoodSchema.cs
4	IsSameFood	/Users/hogun/UnityProjects/My project/unity-project/Assets/Scripts/Entities/Cooking/cooking/Food/FoodSchema.cs
7	CalculatePositionForIndex	/Users/hogun/UnityProjects/My project/unity-project/Assets/Scripts/Entities/Cooking/cooking/LowerShelf.cs
15	ProcessMovement	/Users/hogun/UnityProjects/My project/unity-project/Assets/Scripts/Entities/Cooking/cooking/OrderTicket/OrderTicketBehavior.cs
23	AddToBento	/Users/hogun/UnityProjects/My project/unity-project/Assets/Scripts/Entities/Cooking/cooking/OrderTicket/OrderTicketModel.cs
4	SetMenu	/Users/hogun/UnityProjects/My project/unity-project/Assets/Scripts/Entities/Cooking/cooking/OrderTicket/OrderTicketModel.cs
4	SetDefaultPosition	/Users/hogun/UnityProjects/My project/unity-project/Assets/Scripts/Entities/Cooking/cooking/OrderTicket/OrderTicketModel.cs
4	DestroyObject	/Users/hogun/UnityProjects/My project/unity-project/Assets/Scripts/Entities/Cooking/cooking/OrderTicket/OrderTicketModel.cs
12	ValidateExactMatch	/Users/hogun/UnityProjects/My project/unity-project/Assets/Scripts/Entities/Cooking/cooking/OrderTicket/OrderTicketModel.cs
10	waitAndTake	/Users/hogun/UnityProjects/My project/unity-project/Assets/Scripts/Entities/Cooking/cooking/OrderTicket/OrderTicketModel.cs
7	CalculatePositionForIndex	/Users/hogun/UnityProjects/My project/unity-project/Assets/Scripts/Entities/Cooking/cooking/Refrigerator.cs
10	JudgeHover	/Users/hogun/UnityProjects/My project/unity-project/Assets/Scripts/Entities/Cooking/cooking/RefrigeratorBehavior.cs
7	CalculatePositionForIndex	/Users/hogun/UnityProjects/My project/unity-project/Assets/Scripts/Entities/Cooking/cooking/UpperShelf.cs
49	Init	/Users/hogun/UnityProjects/My project/unity-project/Assets/Scripts/Entities/Cooking/cooking/dataType/FoodData.cs
16	GetRepresentativeBentoImage	/Users/hogun/UnityProjects/My project/unity-project/Assets/Scripts/Entities/Cooking/cooking/dataType/FoodData.cs
9	GetMainBentoImage	/Users/hogun/UnityProjects/My project/unity-project/Assets/Scripts/Entities/Cooking/cooking/dataType/FoodData.cs
13	GetSideBentoImage	/Users/hogun/UnityProjects/My project/unity-project/Assets/Scripts/Entities/Cooking/cooking/dataType/FoodData.cs
6	GetImageForTool	/Users/hogun/UnityProjects/My project/unity-project/Assets/Scripts/Entities/Cooking/cooking/dataType/FoodData.cs
6	Equals	/Users/hogun/UnityProjects/My project/unity-project/Assets/Scripts/Entities/Cooking/cooking/dataType/IngredientData.cs
4	GetHashCode	/Users/hogun/UnityProjects/My project/unity-project/Assets/Scripts/Entities/Cooking/cooking/dataType/IngredientData.cs
11	Init	/Users/hogun/UnityProjects/My project/unity-project/Assets/Scripts/Entities/Cooking/cooking/dataType/IngredientData.cs
18	MenuSchema	/Users/hogun/UnityProjects/My project/unity-project/Assets/Scripts/Entities/Cooking/cooking/dataType/MenuSchema.cs
5	MenuSelection	/Users/hogun/UnityProjects/My project/unity-project/Assets/Scripts/Entities/Cooking/cooking/dataType/MenuSelection.cs
4	HasSelection	/Users/hogun/UnityProjects/My project/unity-project/Assets/Scripts/Entities/Cooking/cooking/dataType/MenuSelection.cs
4	IsComplete	/Users/hogun/UnityProjects/My project/unity-project/Assets/Scripts/Entities/Cooking/cooking/dataType/MenuSelection.cs
5	Clear	/Users/hogun/UnityProjects/My project/unity-project/Assets/Scripts/Entities/Cooking/cooking/dataType/MenuSelection.cs
4	SetMain	/Users/hogun/UnityProjects/My project/unity-project/Assets/Scripts/Entities/Cooking/cooking/dataType/MenuSelection.cs
7	AddSide	/Users/hogun/UnityProjects/My project/unity-project/Assets/Scripts/Entities/Cooking/cooking/dataType/MenuSelection.cs
4	RemoveSide	/Users/hogun/UnityProjects/My project/unity-project/Assets/Scripts/Entities/Cooking/cooking/dataType/MenuSelection.cs
6	ToString	/Users/hogun/UnityProjects/My project/unity-project/Assets/Scripts/Entities/Cooking/cooking/dataType/MenuSelection.cs
5	RecipeIngredient	/Users/hogun/UnityProjects/My project/unity-project/Assets/Scripts/Entities/Cooking/cooking/dataType/RecipeData.cs
6	Equals	/Users/hogun/UnityProjects/My project/unity-project/Assets/Scripts/Entities/Cooking/cooking/dataType/RecipeData.cs
4	GetHashCode	/Users/hogun/UnityProjects/My project/unity-project/Assets/Scripts/Entities/Cooking/cooking/dataType/RecipeData.cs
24	Init	/Users/hogun/UnityProjects/My project/unity-project/Assets/Scripts/Entities/Cooking/cooking/dataType/RecipeData.cs
2	RecipeData	/Users/hogun/UnityProjects/My project/unity-project/Assets/Scripts/Entities/Cooking/cooking/dataType/RecipeData.cs
6	RecipeData	/Users/hogun/UnityProjects/My project/unity-project/Assets/Scripts/Entities/Cooking/cooking/dataType/RecipeData.cs
5	Awake	/Users/hogun/UnityProjects/My project/unity-project/Assets/Scripts/Entities/Cooking/customer/OrderingCustomer.cs
5	OnDestroy	/Users/hogun/UnityProjects/My project/unity-project/Assets/Scripts/Entities/Cooking/customer/OrderingCustomer.cs
41	Inject	/Users/hogun/UnityProjects/My project/unity-project/Assets/Scripts/Entities/Cooking/customer/OrderingCustomer.cs
13	clickRoutine	/Users/hogun/UnityProjects/My project/unity-project/Assets/Scripts/Entities/Cooking/customer/OrderingCustomer.cs
7	say	/Users/hogun/UnityProjects/My project/unity-project/Assets/Scripts/Entities/Cooking/customer/OrderingCustomer.cs
4	DestroyObject	/Users/hogun/UnityProjects/My project/unity-project/Assets/Scripts/Entities/Cooking/customer/OrderingCustomer.cs
5	exit	/Users/hogun/UnityProjects/My project/unity-project/Assets/Scripts/Entities/Cooking/customer/TakingCustomer.cs
25	take	/Users/hogun/UnityProjects/My project/unity-project/Assets/Scripts/Entities/Cooking/customer/TakingCustomer.cs
25	ApplySpriteSettings	/Users/hogun/UnityProjects/My project/unity-project/Assets/Scripts/Entities/Cooking/customer/TakingCustomer.cs
10	say	/Users/hogun/UnityProjects/My project/unity-project/Assets/Scripts/Entities/Cooking/customer/TakingCustomer.cs
32	inject	/Users/hogun/UnityProjects/My project/unity-project/Assets/Scripts/Entities/Cooking/customer/WaitingCustomer.cs
8	StopTimer	/Users/hogun/UnityProjects/My project/unity-project/Assets/Scripts/Entities/Cooking/customer/WaitingCustomer.cs
4	OnExit	/Users/hogun/UnityProjects/My project/unity-project/Assets/Scripts/Entities/Cooking/customer/WaitingCustomer.cs
4	DestroyObject	/Users/hogun/UnityProjects/My project/unity-project/Assets/Scripts/Entities/Cooking/customer/WaitingCustomer.cs
10	OnDestroy	/Users/hogun/UnityProjects/My project/unity-project/Assets/Scripts/Entities/Cooking/customer/WaitingCustomer.cs
12	SetScore	/Users/hogun/UnityProjects/My project/unity-project/Assets/Scripts/Entities/Cooking/minigame/MinigameResult.cs
5	CompareTo	/Users/hogun/UnityProjects/My project/unity-project/Assets/Scripts/Entities/Cooking/minigame/MinigameResult.cs
32	Start	/Users/hogun/UnityProjects/My project/unity-project/Assets/Scripts/Entities/Garden/Farm.cs
8	OnDestroy	/Users/hogun/UnityProjects/My project/unity-project/Assets/Scripts/Entities/Garden/Farm.cs
8	OnTriggerEnter2D	/Users/hogun/UnityProjects/My project/unity-project/Assets/Scripts/Entities/Garden/Farm.cs
8	OnTriggerExit2D	/Users/hogun/UnityProjects/My project/unity-project/Assets/Scripts/Entities/Garden/Farm.cs
27	UpdateVisuals	/Users/hogun/UnityProjects/My project/unity-project/Assets/Scripts/Entities/Garden/Farm.cs
13	UpdatePrompt	/Users/hogun/UnityProjects/My project/unity-project/Assets/Scripts/Entities/Garden/Farm.cs
10	AdjustUIPosition	/Users/hogun/UnityProjects/My project/unity-project/Assets/Scripts/Entities/Garden/Farm.cs
5	OnTimePassed	/Users/hogun/UnityProjects/My project/unity-project/Assets/Scripts/Entities/Garden/Farm.cs
4	FarmTile	/Users/hogun/UnityProjects/My project/unity-project/Assets/Scripts/Entities/Garden/FarmTile.cs
5	Plant	/Users/hogun/UnityProjects/My project/unity-project/Assets/Scripts/Entities/Garden/FarmTile.cs
9	IsHarvestable	/Users/hogun/UnityProjects/My project/unity-project/Assets/Scripts/Entities/Garden/FarmTile.cs
13	Harvest	/Users/hogun/UnityProjects/My project/unity-project/Assets/Scripts/Entities/Garden/FarmTile.cs
5	GetPassedPhases	/Users/hogun/UnityProjects/My project/unity-project/Assets/Scripts/Entities/Garden/FarmTile.cs
8	GetSaveData	/Users/hogun/UnityProjects/My project/unity-project/Assets/Scripts/Entities/Garden/FarmTile.cs
10	ApplySaveData	/Users/hogun/UnityProjects/My project/unity-project/Assets/Scripts/Entities/Garden/FarmTile.cs
7	Init	/Users/hogun/UnityProjects/My project/unity-project/Assets/Scripts/Entities/Garden/FarmUpgradeData.cs
2	RefreshSlot	/Users/hogun/UnityProjects/My project/unity-project/Assets/Scripts/Entities/Garden/GardenShopSlot.cs
9	BuildSlotList	/Users/hogun/UnityProjects/My project/unity-project/Assets/Scripts/Entities/ItemShop/FoodShopConfigSO.cs
2	BuildSlotList	/Users/hogun/UnityProjects/My project/unity-project/Assets/Scripts/Entities/ItemShop/ShopConfigSO.cs
7	Awake	/Users/hogun/UnityProjects/My project/unity-project/Assets/Scripts/Entities/ItemShop/ShopDetailPanel.cs
8	ShowEmpty	/Users/hogun/UnityProjects/My project/unity-project/Assets/Scripts/Entities/ItemShop/ShopDetailPanel.cs
17	ShowItem	/Users/hogun/UnityProjects/My project/unity-project/Assets/Scripts/Entities/ItemShop/ShopDetailPanel.cs
2	ShowUpgrade	/Users/hogun/UnityProjects/My project/unity-project/Assets/Scripts/Entities/ItemShop/ShopDetailPanel.cs
6	OnPlusClicked	/Users/hogun/UnityProjects/My project/unity-project/Assets/Scripts/Entities/ItemShop/ShopDetailPanel.cs
6	OnMinusClicked	/Users/hogun/UnityProjects/My project/unity-project/Assets/Scripts/Entities/ItemShop/ShopDetailPanel.cs
13	OnBuyClicked	/Users/hogun/UnityProjects/My project/unity-project/Assets/Scripts/Entities/ItemShop/ShopDetailPanel.cs
12	UpdateQtyDisplay	/Users/hogun/UnityProjects/My project/unity-project/Assets/Scripts/Entities/ItemShop/ShopDetailPanel.cs
11	OnUpgradeClicked	/Users/hogun/UnityProjects/My project/unity-project/Assets/Scripts/Entities/ItemShop/ShopDetailPanel.cs
6	Awake	/Users/hogun/UnityProjects/My project/unity-project/Assets/Scripts/Entities/ItemShop/ShopListRow.cs
8	SetData	/Users/hogun/UnityProjects/My project/unity-project/Assets/Scripts/Entities/ItemShop/ShopListRow.cs
4	SetSelected	/Users/hogun/UnityProjects/My project/unity-project/Assets/Scripts/Entities/ItemShop/ShopListRow.cs
6	ItemShopSlotInfo	/Users/hogun/UnityProjects/My project/unity-project/Assets/Scripts/Entities/ItemShop/dataType/ItemShopSlotInfo.cs
7	Init	/Users/hogun/UnityProjects/My project/unity-project/Assets/Scripts/Entities/ItemShop/dataType/StorageUpgradeData.cs
8	Init	/Users/hogun/UnityProjects/My project/unity-project/Assets/Scripts/Entities/ItemShop/dataType/ToolUpgradeData.cs
28	Load	/Users/hogun/UnityProjects/My project/unity-project/Assets/Scripts/Entities/Mall/Dialogue/CasualDialogueProvider.cs
30	GetRandomDialogue	/Users/hogun/UnityProjects/My project/unity-project/Assets/Scripts/Entities/Mall/Dialogue/CasualDialogueProvider.cs
16	ParseCsvLine	/Users/hogun/UnityProjects/My project/unity-project/Assets/Scripts/Entities/Mall/Dialogue/CasualDialogueProvider.cs
6	Init	/Users/hogun/UnityProjects/My project/unity-project/Assets/Scripts/Entities/Mall/Dialogue/CasualNpcInteraction.cs
4	Start	/Users/hogun/UnityProjects/My project/unity-project/Assets/Scripts/Entities/Mall/Dialogue/CasualNpcInteraction.cs
11	Interact	/Users/hogun/UnityProjects/My project/unity-project/Assets/Scripts/Entities/Mall/Dialogue/CasualNpcInteraction.cs
6	OnPanelClicked	/Users/hogun/UnityProjects/My project/unity-project/Assets/Scripts/Entities/Mall/Dialogue/DialogueManager.cs
20	TypeText	/Users/hogun/UnityProjects/My project/unity-project/Assets/Scripts/Entities/Mall/Dialogue/DialogueManager.cs
7	SkipTyping	/Users/hogun/UnityProjects/My project/unity-project/Assets/Scripts/Entities/Mall/Dialogue/DialogueManager.cs
16	EndDialogue	/Users/hogun/UnityProjects/My project/unity-project/Assets/Scripts/Entities/Mall/Dialogue/DialogueManager.cs
6	DelayedUnlock	/Users/hogun/UnityProjects/My project/unity-project/Assets/Scripts/Entities/Mall/Dialogue/DialogueManager.cs
9	OnTriggerEnter2D	/Users/hogun/UnityProjects/My project/unity-project/Assets/Scripts/Entities/Mall/Dialogue/NPCDialogue.cs
12	OnTriggerExit2D	/Users/hogun/UnityProjects/My project/unity-project/Assets/Scripts/Entities/Mall/Dialogue/NPCDialogue.cs
11	Update	/Users/hogun/UnityProjects/My project/unity-project/Assets/Scripts/Entities/Mall/SceneTransitionInteraction.cs
8	OnTriggerEnter2D	/Users/hogun/UnityProjects/My project/unity-project/Assets/Scripts/Entities/Mall/SceneTransitionInteraction.cs
8	OnTriggerExit2D	/Users/hogun/UnityProjects/My project/unity-project/Assets/Scripts/Entities/Mall/SceneTransitionInteraction.cs
9	Update	/Users/hogun/UnityProjects/My project/unity-project/Assets/Scripts/Entities/Mall/UnifiedShopInteraction.cs
8	OnTriggerEnter2D	/Users/hogun/UnityProjects/My project/unity-project/Assets/Scripts/Entities/Mall/UnifiedShopInteraction.cs
8	OnTriggerExit2D	/Users/hogun/UnityProjects/My project/unity-project/Assets/Scripts/Entities/Mall/UnifiedShopInteraction.cs
13	Init	/Users/hogun/UnityProjects/My project/unity-project/Assets/Scripts/Entities/Mall/delivery/DeliveryNpc/DeliveryNpcData.cs
4	SetQuestStage	/Users/hogun/UnityProjects/My project/unity-project/Assets/Scripts/Entities/Mall/delivery/DeliveryNpc/DeliveryNpcDialogueInteraction.cs
6	GetQuestStage	/Users/hogun/UnityProjects/My project/unity-project/Assets/Scripts/Entities/Mall/delivery/DeliveryNpc/DeliveryNpcDialogueInteraction.cs
37	LoadQuestMenus	/Users/hogun/UnityProjects/My project/unity-project/Assets/Scripts/Entities/Mall/delivery/DeliveryNpc/DeliveryNpcDialogueInteraction.cs
5	ResetAll	/Users/hogun/UnityProjects/My project/unity-project/Assets/Scripts/Entities/Mall/delivery/DeliveryNpc/DeliveryNpcDialogueInteraction.cs
10	GetSaveData	/Users/hogun/UnityProjects/My project/unity-project/Assets/Scripts/Entities/Mall/delivery/DeliveryNpc/DeliveryNpcDialogueInteraction.cs
6	ApplySaveData	/Users/hogun/UnityProjects/My project/unity-project/Assets/Scripts/Entities/Mall/delivery/DeliveryNpc/DeliveryNpcDialogueInteraction.cs
2	Interact	/Users/hogun/UnityProjects/My project/unity-project/Assets/Scripts/Entities/Mall/delivery/DeliveryNpc/DeliveryNpcDialogueInteraction.cs
4	SetInteraction	/Users/hogun/UnityProjects/My project/unity-project/Assets/Scripts/Entities/Mall/delivery/DeliveryNpc/DeliveryNpcInteraction.cs
10	Update	/Users/hogun/UnityProjects/My project/unity-project/Assets/Scripts/Entities/Mall/delivery/DeliveryNpc/DeliveryNpcInteraction.cs
8	OnTriggerEnter2D	/Users/hogun/UnityProjects/My project/unity-project/Assets/Scripts/Entities/Mall/delivery/DeliveryNpc/DeliveryNpcInteraction.cs
7	OnTriggerExit2D	/Users/hogun/UnityProjects/My project/unity-project/Assets/Scripts/Entities/Mall/delivery/DeliveryNpc/DeliveryNpcInteraction.cs
8	Awake	/Users/hogun/UnityProjects/My project/unity-project/Assets/Scripts/Entities/Mall/delivery/DeliveryNpc/DeliveryNpcOrderInteraction.cs
12	Interact	/Users/hogun/UnityProjects/My project/unity-project/Assets/Scripts/Entities/Mall/delivery/DeliveryNpc/DeliveryNpcOrderInteraction.cs
7	CreateOrder	/Users/hogun/UnityProjects/My project/unity-project/Assets/Scripts/Entities/Mall/delivery/DeliveryNpc/DeliveryNpcOrderInteraction.cs
10	CreateReceipt	/Users/hogun/UnityProjects/My project/unity-project/Assets/Scripts/Entities/Mall/delivery/DeliveryNpc/DeliveryNpcOrderInteraction.cs
9	Say	/Users/hogun/UnityProjects/My project/unity-project/Assets/Scripts/Entities/Mall/delivery/DeliveryNpc/DeliveryNpcOrderInteraction.cs
21	GenerateRandomMenu	/Users/hogun/UnityProjects/My project/unity-project/Assets/Scripts/Entities/Mall/delivery/DeliveryNpc/DeliveryNpcOrderInteraction.cs
4	Awake	/Users/hogun/UnityProjects/My project/unity-project/Assets/Scripts/Entities/Mall/delivery/DeliveryNpc/DeliveryNpcReceiptInteraction.cs
4	Init	/Users/hogun/UnityProjects/My project/unity-project/Assets/Scripts/Entities/Mall/delivery/DeliveryNpc/DeliveryNpcReceiptInteraction.cs
21	Interact	/Users/hogun/UnityProjects/My project/unity-project/Assets/Scripts/Entities/Mall/delivery/DeliveryNpc/DeliveryNpcReceiptInteraction.cs
13	DeliverSequence	/Users/hogun/UnityProjects/My project/unity-project/Assets/Scripts/Entities/Mall/delivery/DeliveryNpc/DeliveryNpcReceiptInteraction.cs
10	Say	/Users/hogun/UnityProjects/My project/unity-project/Assets/Scripts/Entities/Mall/delivery/DeliveryNpc/DeliveryNpcReceiptInteraction.cs
4	Start	/Users/hogun/UnityProjects/My project/unity-project/Assets/Scripts/Entities/Mall/delivery/DeliveryNpc/DeliveryNpcSpawner.cs
17	SpawnAll	/Users/hogun/UnityProjects/My project/unity-project/Assets/Scripts/Entities/Mall/delivery/DeliveryNpc/DeliveryNpcSpawner.cs
7	Clear	/Users/hogun/UnityProjects/My project/unity-project/Assets/Scripts/Entities/Mall/delivery/DeliveryNpc/DeliveryNpcSpawner.cs
42	ApplyState	/Users/hogun/UnityProjects/My project/unity-project/Assets/Scripts/Entities/Mall/delivery/DeliveryNpc/DeliveryNpcView.cs
5	Initialize	/Users/hogun/UnityProjects/My project/unity-project/Assets/Scripts/Entities/Mall/delivery/OrderManager.cs
20	GetSaveData	/Users/hogun/UnityProjects/My project/unity-project/Assets/Scripts/Entities/Mall/delivery/OrderManager.cs
29	ApplySaveData	/Users/hogun/UnityProjects/My project/unity-project/Assets/Scripts/Entities/Mall/delivery/OrderManager.cs
4	GetOrders	/Users/hogun/UnityProjects/My project/unity-project/Assets/Scripts/Entities/Mall/delivery/OrderManager.cs
4	GetOrder	/Users/hogun/UnityProjects/My project/unity-project/Assets/Scripts/Entities/Mall/delivery/OrderManager.cs
32	GenerateOrder	/Users/hogun/UnityProjects/My project/unity-project/Assets/Scripts/Entities/Mall/delivery/OrderManager.cs
11	MarkCookedWithPrice	/Users/hogun/UnityProjects/My project/unity-project/Assets/Scripts/Entities/Mall/delivery/OrderManager.cs
12	ConsumeBento	/Users/hogun/UnityProjects/My project/unity-project/Assets/Scripts/Entities/Mall/delivery/OrderManager.cs
2	readonly	/Users/hogun/UnityProjects/My project/unity-project/Assets/Scripts/Entities/RecipeBook/inventory/InventoryPageController.cs
11	Refresh	/Users/hogun/UnityProjects/My project/unity-project/Assets/Scripts/Entities/RecipeBook/inventory/InventoryPageController.cs
5	RebuildNextFrame	/Users/hogun/UnityProjects/My project/unity-project/Assets/Scripts/Entities/RecipeBook/inventory/InventoryPageController.cs
6	RebuildNestedLayout	/Users/hogun/UnityProjects/My project/unity-project/Assets/Scripts/Entities/RecipeBook/inventory/InventoryPageController.cs
10	RebuildToPageL	/Users/hogun/UnityProjects/My project/unity-project/Assets/Scripts/Entities/RecipeBook/inventory/InventoryPageController.cs
4	ForceRebuild	/Users/hogun/UnityProjects/My project/unity-project/Assets/Scripts/Entities/RecipeBook/inventory/InventoryPageController.cs
29	PopulateCategory	/Users/hogun/UnityProjects/My project/unity-project/Assets/Scripts/Entities/RecipeBook/inventory/InventoryPageController.cs
12	EnsureSlots	/Users/hogun/UnityProjects/My project/unity-project/Assets/Scripts/Entities/RecipeBook/inventory/InventoryPageController.cs
5	GetSlotCount	/Users/hogun/UnityProjects/My project/unity-project/Assets/Scripts/Entities/RecipeBook/inventory/InventoryPageController.cs
7	OnSlotClicked	/Users/hogun/UnityProjects/My project/unity-project/Assets/Scripts/Entities/RecipeBook/inventory/InventoryPageController.cs
18	ShowDetail	/Users/hogun/UnityProjects/My project/unity-project/Assets/Scripts/Entities/RecipeBook/inventory/InventoryPageController.cs
24	PopulateBatchList	/Users/hogun/UnityProjects/My project/unity-project/Assets/Scripts/Entities/RecipeBook/inventory/InventoryPageController.cs
24	SetupBatchRow	/Users/hogun/UnityProjects/My project/unity-project/Assets/Scripts/Entities/RecipeBook/inventory/InventoryPageController.cs
9	ClearDetail	/Users/hogun/UnityProjects/My project/unity-project/Assets/Scripts/Entities/RecipeBook/inventory/InventoryPageController.cs
6	GetBarColor	/Users/hogun/UnityProjects/My project/unity-project/Assets/Scripts/Entities/RecipeBook/inventory/InventoryPageController.cs
5	Awake	/Users/hogun/UnityProjects/My project/unity-project/Assets/Scripts/Entities/RecipeBook/inventory/InventorySlot.cs
19	SetData	/Users/hogun/UnityProjects/My project/unity-project/Assets/Scripts/Entities/RecipeBook/inventory/InventorySlot.cs
7	SetEmpty	/Users/hogun/UnityProjects/My project/unity-project/Assets/Scripts/Entities/RecipeBook/inventory/InventorySlot.cs
5	SetSelected	/Users/hogun/UnityProjects/My project/unity-project/Assets/Scripts/Entities/RecipeBook/inventory/InventorySlot.cs
13	Awake	/Users/hogun/UnityProjects/My project/unity-project/Assets/Scripts/Entities/RecipeBook/menu/MenuCardController.cs
23	BindReferences	/Users/hogun/UnityProjects/My project/unity-project/Assets/Scripts/Entities/RecipeBook/menu/MenuCardController.cs
37	CacheTemplates	/Users/hogun/UnityProjects/My project/unity-project/Assets/Scripts/Entities/RecipeBook/menu/MenuCardController.cs
52	InitSlot	/Users/hogun/UnityProjects/My project/unity-project/Assets/Scripts/Entities/RecipeBook/menu/MenuCardController.cs
7	BuildRecipeChain	/Users/hogun/UnityProjects/My project/unity-project/Assets/Scripts/Entities/RecipeBook/menu/MenuCardController.cs
11	CollectRecipes	/Users/hogun/UnityProjects/My project/unity-project/Assets/Scripts/Entities/RecipeBook/menu/MenuCardController.cs
14	PopulateRecipeLines	/Users/hogun/UnityProjects/My project/unity-project/Assets/Scripts/Entities/RecipeBook/menu/MenuCardController.cs
51	PopulateRecipeLine	/Users/hogun/UnityProjects/My project/unity-project/Assets/Scripts/Entities/RecipeBook/menu/MenuCardController.cs
43	PopulateInputSection	/Users/hogun/UnityProjects/My project/unity-project/Assets/Scripts/Entities/RecipeBook/menu/MenuCardController.cs
62	AdjustSpacing	/Users/hogun/UnityProjects/My project/unity-project/Assets/Scripts/Entities/RecipeBook/menu/MenuCardController.cs
34	EstimateInputWidthFromRecipeLine	/Users/hogun/UnityProjects/My project/unity-project/Assets/Scripts/Entities/RecipeBook/menu/MenuCardController.cs
40	PopulateInputItem	/Users/hogun/UnityProjects/My project/unity-project/Assets/Scripts/Entities/RecipeBook/menu/MenuCardController.cs
16	PopulateToolItem	/Users/hogun/UnityProjects/My project/unity-project/Assets/Scripts/Entities/RecipeBook/menu/MenuCardController.cs
17	PopulateResultItem	/Users/hogun/UnityProjects/My project/unity-project/Assets/Scripts/Entities/RecipeBook/menu/MenuCardController.cs
12	OpenRecipe	/Users/hogun/UnityProjects/My project/unity-project/Assets/Scripts/Entities/RecipeBook/menu/MenuCardController.cs
12	OpenIngredient	/Users/hogun/UnityProjects/My project/unity-project/Assets/Scripts/Entities/RecipeBook/menu/MenuCardController.cs
5	ClearMenuCard	/Users/hogun/UnityProjects/My project/unity-project/Assets/Scripts/Entities/RecipeBook/menu/MenuCardController.cs
6	CloseMenuCard	/Users/hogun/UnityProjects/My project/unity-project/Assets/Scripts/Entities/RecipeBook/menu/MenuCardController.cs
9	ClearRecipeLines	/Users/hogun/UnityProjects/My project/unity-project/Assets/Scripts/Entities/RecipeBook/menu/MenuCardController.cs
9	ClearIngredientLines	/Users/hogun/UnityProjects/My project/unity-project/Assets/Scripts/Entities/RecipeBook/menu/MenuCardController.cs
24	PopulateIngredients	/Users/hogun/UnityProjects/My project/unity-project/Assets/Scripts/Entities/RecipeBook/menu/MenuCardController.cs
31	GetUniqueIngredients	/Users/hogun/UnityProjects/My project/unity-project/Assets/Scripts/Entities/RecipeBook/menu/MenuCardController.cs
34	Open	/Users/hogun/UnityProjects/My project/unity-project/Assets/Scripts/Entities/RecipeBook/menu/MenuCardOverlay.cs
13	Close	/Users/hogun/UnityProjects/My project/unity-project/Assets/Scripts/Entities/RecipeBook/menu/MenuCardOverlay.cs
33	CreateCloseButton	/Users/hogun/UnityProjects/My project/unity-project/Assets/Scripts/Entities/RecipeBook/menu/MenuCardOverlay.cs
5	InitEmpty	/Users/hogun/UnityProjects/My project/unity-project/Assets/Scripts/Entities/RecipeBook/menu/MenuSlot.cs
36	InitSlot	/Users/hogun/UnityProjects/My project/unity-project/Assets/Scripts/Entities/RecipeBook/menu/MenuSlot.cs
4	OpenMenuCardL	/Users/hogun/UnityProjects/My project/unity-project/Assets/Scripts/Entities/RecipeBook/menu/MenuSlot.cs
4	OpenMenuCardR	/Users/hogun/UnityProjects/My project/unity-project/Assets/Scripts/Entities/RecipeBook/menu/MenuSlot.cs
6	Init	/Users/hogun/UnityProjects/My project/unity-project/Assets/Scripts/Entities/SO/CookingToolData.cs
6	Equals	/Users/hogun/UnityProjects/My project/unity-project/Assets/Scripts/Entities/SO/CookingToolData.cs
4	GetHashCode	/Users/hogun/UnityProjects/My project/unity-project/Assets/Scripts/Entities/SO/CookingToolData.cs
2	LoadData	/Users/hogun/UnityProjects/My project/unity-project/Assets/Scripts/Entities/SO/CropData.cs
7	Init	/Users/hogun/UnityProjects/My project/unity-project/Assets/Scripts/Entities/SO/CropData.cs
7	BasicStats	/Users/hogun/UnityProjects/My project/unity-project/Assets/Scripts/Entities/Stats/BasicStats.cs
23	GetTodaysMenu	/Users/hogun/UnityProjects/My project/unity-project/Assets/Scripts/Interfaces/Cooking/RecipeBookMenuProvider.cs
5	OnSingletonAwake	/Users/hogun/UnityProjects/My project/unity-project/Assets/Scripts/Managers/ActionSelectionManager.cs
8	InitializeActions	/Users/hogun/UnityProjects/My project/unity-project/Assets/Scripts/Managers/ActionSelectionManager.cs
9	GetAction	/Users/hogun/UnityProjects/My project/unity-project/Assets/Scripts/Managers/ActionSelectionManager.cs
10	SetAction	/Users/hogun/UnityProjects/My project/unity-project/Assets/Scripts/Managers/ActionSelectionManager.cs
8	ClearAllActions	/Users/hogun/UnityProjects/My project/unity-project/Assets/Scripts/Managers/ActionSelectionManager.cs
9	HasAnySelection	/Users/hogun/UnityProjects/My project/unity-project/Assets/Scripts/Managers/ActionSelectionManager.cs
5	ActionSelection	/Users/hogun/UnityProjects/My project/unity-project/Assets/Scripts/Managers/ActionSelectionManager.cs
4	HasSelection	/Users/hogun/UnityProjects/My project/unity-project/Assets/Scripts/Managers/ActionSelectionManager.cs
4	Clear	/Users/hogun/UnityProjects/My project/unity-project/Assets/Scripts/Managers/ActionSelectionManager.cs
5	ToString	/Users/hogun/UnityProjects/My project/unity-project/Assets/Scripts/Managers/ActionSelectionManager.cs
4	OnSingletonAwake	/Users/hogun/UnityProjects/My project/unity-project/Assets/Scripts/Managers/GlobalButtonSfxManager.cs
4	Start	/Users/hogun/UnityProjects/My project/unity-project/Assets/Scripts/Managers/GlobalButtonSfxManager.cs
5	OnDestroy	/Users/hogun/UnityProjects/My project/unity-project/Assets/Scripts/Managers/GlobalButtonSfxManager.cs
4	OnSceneLoaded	/Users/hogun/UnityProjects/My project/unity-project/Assets/Scripts/Managers/GlobalButtonSfxManager.cs
5	ScanNextFrame	/Users/hogun/UnityProjects/My project/unity-project/Assets/Scripts/Managers/GlobalButtonSfxManager.cs
16	RegisterButtons	/Users/hogun/UnityProjects/My project/unity-project/Assets/Scripts/Managers/GlobalButtonSfxManager.cs
12	OnSingletonAwake	/Users/hogun/UnityProjects/My project/unity-project/Assets/Scripts/Managers/HUDManager.cs
5	Initialize	/Users/hogun/UnityProjects/My project/unity-project/Assets/Scripts/Managers/HUDManager.cs
4	OnSingletonAwake	/Users/hogun/UnityProjects/My project/unity-project/Assets/Scripts/Managers/InventoryManager.cs
4	Initialize	/Users/hogun/UnityProjects/My project/unity-project/Assets/Scripts/Managers/InventoryManager.cs
6	ResetToDefault	/Users/hogun/UnityProjects/My project/unity-project/Assets/Scripts/Managers/InventoryManager.cs
6	LoadAllFoodData	/Users/hogun/UnityProjects/My project/unity-project/Assets/Scripts/Managers/InventoryManager.cs
20	InitializeDefaultInventory	/Users/hogun/UnityProjects/My project/unity-project/Assets/Scripts/Managers/InventoryManager.cs
13	AddFood	/Users/hogun/UnityProjects/My project/unity-project/Assets/Scripts/Managers/InventoryManager.cs
17	ConsumeFood	/Users/hogun/UnityProjects/My project/unity-project/Assets/Scripts/Managers/InventoryManager.cs
7	CheckStockAmount	/Users/hogun/UnityProjects/My project/unity-project/Assets/Scripts/Managers/InventoryManager.cs
5	GetBatches	/Users/hogun/UnityProjects/My project/unity-project/Assets/Scripts/Managers/InventoryManager.cs
7	LoadIngredientsByCategory	/Users/hogun/UnityProjects/My project/unity-project/Assets/Scripts/Managers/InventoryManager.cs
16	CanAcceptType	/Users/hogun/UnityProjects/My project/unity-project/Assets/Scripts/Managers/InventoryManager.cs
13	AddHarvestedCrop	/Users/hogun/UnityProjects/My project/unity-project/Assets/Scripts/Managers/InventoryManager.cs
24	AdvanceDay	/Users/hogun/UnityProjects/My project/unity-project/Assets/Scripts/Managers/InventoryManager.cs
20	GetSaveData	/Users/hogun/UnityProjects/My project/unity-project/Assets/Scripts/Managers/InventoryManager.cs
44	ApplySaveData	/Users/hogun/UnityProjects/My project/unity-project/Assets/Scripts/Managers/InventoryManager.cs
6	GetExpirationDays	/Users/hogun/UnityProjects/My project/unity-project/Assets/Scripts/Managers/InventoryManager.cs
4	SortBatches	/Users/hogun/UnityProjects/My project/unity-project/Assets/Scripts/Managers/InventoryManager.cs
5	OnSingletonAwake	/Users/hogun/UnityProjects/My project/unity-project/Assets/Scripts/Managers/LoadingManager.cs
5	LoadScene	/Users/hogun/UnityProjects/My project/unity-project/Assets/Scripts/Managers/LoadingManager.cs
61	LoadSceneAdditiveCoroutine	/Users/hogun/UnityProjects/My project/unity-project/Assets/Scripts/Managers/LoadingManager.cs
35	LoadSceneCoroutine	/Users/hogun/UnityProjects/My project/unity-project/Assets/Scripts/Managers/LoadingManager.cs
29	BuildLoadingUI	/Users/hogun/UnityProjects/My project/unity-project/Assets/Scripts/Managers/LoadingManager.cs
44	OnSingletonAwake	/Users/hogun/UnityProjects/My project/unity-project/Assets/Scripts/Managers/RecipeBookManager.cs
18	Update	/Users/hogun/UnityProjects/My project/unity-project/Assets/Scripts/Managers/RecipeBookManager.cs
28	OpenRecipeBook	/Users/hogun/UnityProjects/My project/unity-project/Assets/Scripts/Managers/RecipeBookManager.cs
9	CloseRecipeBook	/Users/hogun/UnityProjects/My project/unity-project/Assets/Scripts/Managers/RecipeBookManager.cs
5	ShowOnlyPage	/Users/hogun/UnityProjects/My project/unity-project/Assets/Scripts/Managers/RecipeBookManager.cs
11	UpdateBookmarkSelection	/Users/hogun/UnityProjects/My project/unity-project/Assets/Scripts/Managers/RecipeBookManager.cs
6	SetPageContent	/Users/hogun/UnityProjects/My project/unity-project/Assets/Scripts/Managers/RecipeBookManager.cs
8	OpenInventory	/Users/hogun/UnityProjects/My project/unity-project/Assets/Scripts/Managers/RecipeBookManager.cs
12	OpenMenu	/Users/hogun/UnityProjects/My project/unity-project/Assets/Scripts/Managers/RecipeBookManager.cs
9	EnsureMenuSlotTemplate	/Users/hogun/UnityProjects/My project/unity-project/Assets/Scripts/Managers/RecipeBookManager.cs
5	ClearChildren	/Users/hogun/UnityProjects/My project/unity-project/Assets/Scripts/Managers/RecipeBookManager.cs
20	PopulateContainer	/Users/hogun/UnityProjects/My project/unity-project/Assets/Scripts/Managers/RecipeBookManager.cs
4	OpenMenuCardL	/Users/hogun/UnityProjects/My project/unity-project/Assets/Scripts/Managers/RecipeBookManager.cs
4	OpenMenuCardR	/Users/hogun/UnityProjects/My project/unity-project/Assets/Scripts/Managers/RecipeBookManager.cs
4	CloseMenuCard	/Users/hogun/UnityProjects/My project/unity-project/Assets/Scripts/Managers/RecipeBookManager.cs
4	Open	/Users/hogun/UnityProjects/My project/unity-project/Assets/Scripts/Managers/RecipeBookManager.cs
4	Close	/Users/hogun/UnityProjects/My project/unity-project/Assets/Scripts/Managers/RecipeBookManager.cs
4	OnSingletonAwake	/Users/hogun/UnityProjects/My project/unity-project/Assets/Scripts/Managers/RecipeDataManager.cs
4	Initialize	/Users/hogun/UnityProjects/My project/unity-project/Assets/Scripts/Managers/RecipeDataManager.cs
7	InitializeMenus	/Users/hogun/UnityProjects/My project/unity-project/Assets/Scripts/Managers/RecipeDataManager.cs
11	GetMenu	/Users/hogun/UnityProjects/My project/unity-project/Assets/Scripts/Managers/RecipeDataManager.cs
21	GetAllMenusAsSchema	/Users/hogun/UnityProjects/My project/unity-project/Assets/Scripts/Managers/RecipeDataManager.cs
8	ClearAllMenus	/Users/hogun/UnityProjects/My project/unity-project/Assets/Scripts/Managers/RecipeDataManager.cs
15	HasAnySelection	/Users/hogun/UnityProjects/My project/unity-project/Assets/Scripts/Managers/RecipeDataManager.cs
4	GetToolIdForMinigame	/Users/hogun/UnityProjects/My project/unity-project/Assets/Scripts/Managers/RecipeDataManager.cs
27	PrepareForSave	/Users/hogun/UnityProjects/My project/unity-project/Assets/Scripts/Managers/RecipeDataManager.cs
45	LoadMenusFromProgress	/Users/hogun/UnityProjects/My project/unity-project/Assets/Scripts/Managers/RecipeDataManager.cs
5	Initialize	/Users/hogun/UnityProjects/My project/unity-project/Assets/Scripts/Managers/RecipeLookupService.cs
6	LoadAllRecipes	/Users/hogun/UnityProjects/My project/unity-project/Assets/Scripts/Managers/RecipeLookupService.cs
22	BuildLookupTable	/Users/hogun/UnityProjects/My project/unity-project/Assets/Scripts/Managers/RecipeLookupService.cs
15	Search	/Users/hogun/UnityProjects/My project/unity-project/Assets/Scripts/Managers/RecipeLookupService.cs
5	GenerateLookupKey	/Users/hogun/UnityProjects/My project/unity-project/Assets/Scripts/Managers/RecipeLookupService.cs
6	GetToolIdForMinigame	/Users/hogun/UnityProjects/My project/unity-project/Assets/Scripts/Managers/RecipeLookupService.cs
4	GetAllRecipes	/Users/hogun/UnityProjects/My project/unity-project/Assets/Scripts/Managers/RecipeLookupService.cs
11	GetRecipesForTool	/Users/hogun/UnityProjects/My project/unity-project/Assets/Scripts/Managers/RecipeLookupService.cs
31	OnSingletonAwake	/Users/hogun/UnityProjects/My project/unity-project/Assets/Scripts/Managers/SettingsUIManager.cs
9	Open	/Users/hogun/UnityProjects/My project/unity-project/Assets/Scripts/Managers/SettingsUIManager.cs
7	Close	/Users/hogun/UnityProjects/My project/unity-project/Assets/Scripts/Managers/SettingsUIManager.cs
8	OnSingletonAwake	/Users/hogun/UnityProjects/My project/unity-project/Assets/Scripts/Managers/SoundManager.cs
7	OnDestroy	/Users/hogun/UnityProjects/My project/unity-project/Assets/Scripts/Managers/SoundManager.cs
6	Start	/Users/hogun/UnityProjects/My project/unity-project/Assets/Scripts/Managers/SoundManager.cs
9	OnActiveSceneChanged	/Users/hogun/UnityProjects/My project/unity-project/Assets/Scripts/Managers/SoundManager.cs
14	UpdateBGM	/Users/hogun/UnityProjects/My project/unity-project/Assets/Scripts/Managers/SoundManager.cs
7	SelectBGMPath	/Users/hogun/UnityProjects/My project/unity-project/Assets/Scripts/Managers/SoundManager.cs
4	SetLoopSFXVolume	/Users/hogun/UnityProjects/My project/unity-project/Assets/Scripts/Managers/SoundManager.cs
11	FadeLoopSFX	/Users/hogun/UnityProjects/My project/unity-project/Assets/Scripts/Managers/SoundManager.cs
7	FadeAndStopLoopSFX	/Users/hogun/UnityProjects/My project/unity-project/Assets/Scripts/Managers/SoundManager.cs
9	CreateAudioSource	/Users/hogun/UnityProjects/My project/unity-project/Assets/Scripts/Managers/SoundManager.cs
4	OnSingletonAwake	/Users/hogun/UnityProjects/My project/unity-project/Assets/Scripts/Managers/UIManager.cs
5	EnsureInitialized	/Users/hogun/UnityProjects/My project/unity-project/Assets/Scripts/Managers/UIManager.cs
10	Initialize	/Users/hogun/UnityProjects/My project/unity-project/Assets/Scripts/Managers/UIManager.cs
21	CreateGlobalCanvas	/Users/hogun/UnityProjects/My project/unity-project/Assets/Scripts/Managers/UIManager.cs
28	CreateGlobalTooltips	/Users/hogun/UnityProjects/My project/unity-project/Assets/Scripts/Managers/UIManager.cs
4	OnSingletonAwake	/Users/hogun/UnityProjects/My project/unity-project/Assets/Scripts/Managers/UnlockedFoodManager.cs
5	Initialize	/Users/hogun/UnityProjects/My project/unity-project/Assets/Scripts/Managers/UnlockedFoodManager.cs
6	LoadAllFoodData	/Users/hogun/UnityProjects/My project/unity-project/Assets/Scripts/Managers/UnlockedFoodManager.cs
21	LoadUnlocksFromProgress	/Users/hogun/UnityProjects/My project/unity-project/Assets/Scripts/Managers/UnlockedFoodManager.cs
27	UnlockDefaultRecipes	/Users/hogun/UnityProjects/My project/unity-project/Assets/Scripts/Managers/UnlockedFoodManager.cs
7	UnlockRecipe	/Users/hogun/UnityProjects/My project/unity-project/Assets/Scripts/Managers/UnlockedFoodManager.cs
7	LockRecipe	/Users/hogun/UnityProjects/My project/unity-project/Assets/Scripts/Managers/UnlockedFoodManager.cs
10	UnlockAll	/Users/hogun/UnityProjects/My project/unity-project/Assets/Scripts/Managers/UnlockedFoodManager.cs
7	PrepareForSave	/Users/hogun/UnityProjects/My project/unity-project/Assets/Scripts/Managers/UnlockedFoodManager.cs
7	GetAllMainFoods	/Users/hogun/UnityProjects/My project/unity-project/Assets/Scripts/Managers/UnlockedFoodManager.cs
7	GetAllSideFoods	/Users/hogun/UnityProjects/My project/unity-project/Assets/Scripts/Managers/UnlockedFoodManager.cs
6	GetUnlockedMainFoods	/Users/hogun/UnityProjects/My project/unity-project/Assets/Scripts/Managers/UnlockedFoodManager.cs
6	GetUnlockedSideFoods	/Users/hogun/UnityProjects/My project/unity-project/Assets/Scripts/Managers/UnlockedFoodManager.cs
4	IsUnlocked	/Users/hogun/UnityProjects/My project/unity-project/Assets/Scripts/Managers/UnlockedFoodManager.cs
12	FillStorage	/Users/hogun/UnityProjects/My project/unity-project/Assets/Scripts/Managers/cooking/CookingSceneManager.cs
6	instantiateFood	/Users/hogun/UnityProjects/My project/unity-project/Assets/Scripts/Managers/cooking/CookingSceneManager.cs
7	settingFoodModel	/Users/hogun/UnityProjects/My project/unity-project/Assets/Scripts/Managers/cooking/CookingSceneManager.cs
2	CustomerLifecycle	/Users/hogun/UnityProjects/My project/unity-project/Assets/Scripts/Managers/cooking/CustomerLifecycle.cs
4	StartOrder	/Users/hogun/UnityProjects/My project/unity-project/Assets/Scripts/Managers/cooking/CustomerLifecycle.cs
27	OnOrderPlaced	/Users/hogun/UnityProjects/My project/unity-project/Assets/Scripts/Managers/cooking/CustomerLifecycle.cs
5	OnOrderFulfilled	/Users/hogun/UnityProjects/My project/unity-project/Assets/Scripts/Managers/cooking/CustomerLifecycle.cs
51	OnOrderDelivered	/Users/hogun/UnityProjects/My project/unity-project/Assets/Scripts/Managers/cooking/CustomerLifecycle.cs
38	OnCustomerTimeout	/Users/hogun/UnityProjects/My project/unity-project/Assets/Scripts/Managers/cooking/CustomerLifecycle.cs
7	Cleanup	/Users/hogun/UnityProjects/My project/unity-project/Assets/Scripts/Managers/cooking/CustomerLifecycle.cs
24	ApplyPhaseSettings	/Users/hogun/UnityProjects/My project/unity-project/Assets/Scripts/Managers/cooking/CustomerManager.cs
33	CreateDeliveryTickets	/Users/hogun/UnityProjects/My project/unity-project/Assets/Scripts/Managers/cooking/CustomerManager.cs
45	HandleCustomerSpawning	/Users/hogun/UnityProjects/My project/unity-project/Assets/Scripts/Managers/cooking/CustomerManager.cs
30	OnCustomerServed	/Users/hogun/UnityProjects/My project/unity-project/Assets/Scripts/Managers/cooking/CustomerManager.cs
5	OnCustomerLeft	/Users/hogun/UnityProjects/My project/unity-project/Assets/Scripts/Managers/cooking/CustomerManager.cs
13	OnCustomerCompleted	/Users/hogun/UnityProjects/My project/unity-project/Assets/Scripts/Managers/cooking/CustomerManager.cs
14	PickRandomMenu	/Users/hogun/UnityProjects/My project/unity-project/Assets/Scripts/Managers/cooking/CustomerManager.cs
10	PickRandomCustomerData	/Users/hogun/UnityProjects/My project/unity-project/Assets/Scripts/Managers/cooking/CustomerManager.cs
15	OnTimeEnd	/Users/hogun/UnityProjects/My project/unity-project/Assets/Scripts/Managers/cooking/CustomerManager.cs
9	CheckGameEnd	/Users/hogun/UnityProjects/My project/unity-project/Assets/Scripts/Managers/cooking/CustomerManager.cs
19	OnDestroy	/Users/hogun/UnityProjects/My project/unity-project/Assets/Scripts/Managers/cooking/CustomerManager.cs
4	GetActiveCustomerCount	/Users/hogun/UnityProjects/My project/unity-project/Assets/Scripts/Managers/cooking/CustomerManager.cs
4	GetWaitingQueueSize	/Users/hogun/UnityProjects/My project/unity-project/Assets/Scripts/Managers/cooking/CustomerManager.cs
4	IsShopOpen	/Users/hogun/UnityProjects/My project/unity-project/Assets/Scripts/Managers/cooking/CustomerManager.cs
5	public	/Users/hogun/UnityProjects/My project/unity-project/Assets/Scripts/Managers/cooking/CustomerManager.cs
15	LogSessionSummary	/Users/hogun/UnityProjects/My project/unity-project/Assets/Scripts/Managers/cooking/CustomerManager.cs
7	Inject	/Users/hogun/UnityProjects/My project/unity-project/Assets/Scripts/Managers/cooking/CustomerSpawner.cs
15	SpawnOrderingCustomer	/Users/hogun/UnityProjects/My project/unity-project/Assets/Scripts/Managers/cooking/CustomerSpawner.cs
21	public	/Users/hogun/UnityProjects/My project/unity-project/Assets/Scripts/Managers/cooking/CustomerSpawner.cs
2	SpawnTakingCustomer	/Users/hogun/UnityProjects/My project/unity-project/Assets/Scripts/Managers/cooking/CustomerSpawner.cs
5	InvokeAfterDelay	/Users/hogun/UnityProjects/My project/unity-project/Assets/Scripts/Managers/cooking/CustomerSpawner.cs
8	PickRandomWaitingPosition	/Users/hogun/UnityProjects/My project/unity-project/Assets/Scripts/Managers/cooking/CustomerSpawner.cs
7	ReleaseWaitingPosition	/Users/hogun/UnityProjects/My project/unity-project/Assets/Scripts/Managers/cooking/CustomerSpawner.cs
10	CalculateWaitingPosition	/Users/hogun/UnityProjects/My project/unity-project/Assets/Scripts/Managers/cooking/CustomerSpawner.cs
4	GetExitPosition	/Users/hogun/UnityProjects/My project/unity-project/Assets/Scripts/Managers/cooking/CustomerSpawner.cs
4	IsWaitingQueueFull	/Users/hogun/UnityProjects/My project/unity-project/Assets/Scripts/Managers/cooking/CustomerSpawner.cs
8	ResetWaitingPositions	/Users/hogun/UnityProjects/My project/unity-project/Assets/Scripts/Managers/cooking/CustomerSpawner.cs
4	Inject	/Users/hogun/UnityProjects/My project/unity-project/Assets/Scripts/Managers/cooking/OrderTicketController.cs
27	CreateTicket	/Users/hogun/UnityProjects/My project/unity-project/Assets/Scripts/Managers/cooking/OrderTicketController.cs
7	RemoveTicket	/Users/hogun/UnityProjects/My project/unity-project/Assets/Scripts/Managers/cooking/OrderTicketController.cs
8	RearrangeTickets	/Users/hogun/UnityProjects/My project/unity-project/Assets/Scripts/Managers/cooking/OrderTicketController.cs
4	CalculateTicketPosition	/Users/hogun/UnityProjects/My project/unity-project/Assets/Scripts/Managers/cooking/OrderTicketController.cs
11	ClearAllTickets	/Users/hogun/UnityProjects/My project/unity-project/Assets/Scripts/Managers/cooking/OrderTicketController.cs
4	HasActiveTickets	/Users/hogun/UnityProjects/My project/unity-project/Assets/Scripts/Managers/cooking/OrderTicketController.cs
9	HasActiveCustomerTickets	/Users/hogun/UnityProjects/My project/unity-project/Assets/Scripts/Managers/cooking/OrderTicketController.cs
4	OnDestroy	/Users/hogun/UnityProjects/My project/unity-project/Assets/Scripts/Managers/cooking/OrderTicketController.cs
5	OnStaminaExhausted	/Users/hogun/UnityProjects/My project/unity-project/Assets/Scripts/Managers/cooking/StatManager.cs
5	OnTimeEnd	/Users/hogun/UnityProjects/My project/unity-project/Assets/Scripts/Managers/cooking/StatManager.cs
5	GetRandomCropByWeight	/Users/hogun/UnityProjects/My project/unity-project/Assets/Scripts/Managers/garden/CropDataManager.cs
5	GetTileData	/Users/hogun/UnityProjects/My project/unity-project/Assets/Scripts/Managers/garden/FarmTileStorage.cs
5	SetTileData	/Users/hogun/UnityProjects/My project/unity-project/Assets/Scripts/Managers/garden/FarmTileStorage.cs
4	GetSaveData	/Users/hogun/UnityProjects/My project/unity-project/Assets/Scripts/Managers/garden/FarmTileStorage.cs
5	ApplySaveData	/Users/hogun/UnityProjects/My project/unity-project/Assets/Scripts/Managers/garden/FarmTileStorage.cs
4	Clear	/Users/hogun/UnityProjects/My project/unity-project/Assets/Scripts/Managers/garden/FarmTileStorage.cs
6	GetCurrentData	/Users/hogun/UnityProjects/My project/unity-project/Assets/Scripts/Managers/garden/FarmUpgradeManager.cs
6	GetNextData	/Users/hogun/UnityProjects/My project/unity-project/Assets/Scripts/Managers/garden/FarmUpgradeManager.cs
17	TryUpgrade	/Users/hogun/UnityProjects/My project/unity-project/Assets/Scripts/Managers/garden/FarmUpgradeManager.cs
10	GetSaveData	/Users/hogun/UnityProjects/My project/unity-project/Assets/Scripts/Managers/garden/FarmUpgradeManager.cs
6	ApplySaveData	/Users/hogun/UnityProjects/My project/unity-project/Assets/Scripts/Managers/garden/FarmUpgradeManager.cs
7	Awake	/Users/hogun/UnityProjects/My project/unity-project/Assets/Scripts/Managers/shop/StorageUpgradeManager.cs
6	GetCurrentData	/Users/hogun/UnityProjects/My project/unity-project/Assets/Scripts/Managers/shop/StorageUpgradeManager.cs
6	GetNextData	/Users/hogun/UnityProjects/My project/unity-project/Assets/Scripts/Managers/shop/StorageUpgradeManager.cs
17	TryUpgrade	/Users/hogun/UnityProjects/My project/unity-project/Assets/Scripts/Managers/shop/StorageUpgradeManager.cs
10	GetSaveData	/Users/hogun/UnityProjects/My project/unity-project/Assets/Scripts/Managers/shop/StorageUpgradeManager.cs
6	ApplySaveData	/Users/hogun/UnityProjects/My project/unity-project/Assets/Scripts/Managers/shop/StorageUpgradeManager.cs
7	Awake	/Users/hogun/UnityProjects/My project/unity-project/Assets/Scripts/Managers/shop/ToolUpgradeManager.cs
6	GetCurrentData	/Users/hogun/UnityProjects/My project/unity-project/Assets/Scripts/Managers/shop/ToolUpgradeManager.cs
6	GetNextData	/Users/hogun/UnityProjects/My project/unity-project/Assets/Scripts/Managers/shop/ToolUpgradeManager.cs
4	IsMax	/Users/hogun/UnityProjects/My project/unity-project/Assets/Scripts/Managers/shop/ToolUpgradeManager.cs
17	TryUpgrade	/Users/hogun/UnityProjects/My project/unity-project/Assets/Scripts/Managers/shop/ToolUpgradeManager.cs
10	GetSaveData	/Users/hogun/UnityProjects/My project/unity-project/Assets/Scripts/Managers/shop/ToolUpgradeManager.cs
5	ApplySaveData	/Users/hogun/UnityProjects/My project/unity-project/Assets/Scripts/Managers/shop/ToolUpgradeManager.cs
7	Awake	/Users/hogun/UnityProjects/My project/unity-project/Assets/Scripts/Managers/shop/UnifiedShopManager.cs
43	SpawnBook	/Users/hogun/UnityProjects/My project/unity-project/Assets/Scripts/Managers/shop/UnifiedShopManager.cs
6	CloseShop	/Users/hogun/UnityProjects/My project/unity-project/Assets/Scripts/Managers/shop/UnifiedShopManager.cs
16	SwitchTab	/Users/hogun/UnityProjects/My project/unity-project/Assets/Scripts/Managers/shop/UnifiedShopManager.cs
10	UpdateBookmarkSelection	/Users/hogun/UnityProjects/My project/unity-project/Assets/Scripts/Managers/shop/UnifiedShopManager.cs
5	GetRowPrefab	/Users/hogun/UnityProjects/My project/unity-project/Assets/Scripts/Managers/shop/UnifiedShopManager.cs
6	ClearRows	/Users/hogun/UnityProjects/My project/unity-project/Assets/Scripts/Managers/shop/UnifiedShopManager.cs
10	AddRow	/Users/hogun/UnityProjects/My project/unity-project/Assets/Scripts/Managers/shop/UnifiedShopManager.cs
14	OnRowClicked	/Users/hogun/UnityProjects/My project/unity-project/Assets/Scripts/Managers/shop/UnifiedShopManager.cs
28	PopulateItemList	/Users/hogun/UnityProjects/My project/unity-project/Assets/Scripts/Managers/shop/UnifiedShopManager.cs
18	NotifyItemPurchased	/Users/hogun/UnityProjects/My project/unity-project/Assets/Scripts/Managers/shop/UnifiedShopManager.cs
19	PopulateToolList	/Users/hogun/UnityProjects/My project/unity-project/Assets/Scripts/Managers/shop/UnifiedShopManager.cs
30	ShowToolDetail	/Users/hogun/UnityProjects/My project/unity-project/Assets/Scripts/Managers/shop/UnifiedShopManager.cs
18	PopulateStorageList	/Users/hogun/UnityProjects/My project/unity-project/Assets/Scripts/Managers/shop/UnifiedShopManager.cs
25	ShowStorageDetail	/Users/hogun/UnityProjects/My project/unity-project/Assets/Scripts/Managers/shop/UnifiedShopManager.cs
18	PopulateFarmList	/Users/hogun/UnityProjects/My project/unity-project/Assets/Scripts/Managers/shop/UnifiedShopManager.cs
25	ShowFarmDetail	/Users/hogun/UnityProjects/My project/unity-project/Assets/Scripts/Managers/shop/UnifiedShopManager.cs
5	NotifyUpgradeApplied	/Users/hogun/UnityProjects/My project/unity-project/Assets/Scripts/Managers/shop/UnifiedShopManager.cs
11	FarmValueLabel	/Users/hogun/UnityProjects/My project/unity-project/Assets/Scripts/Managers/shop/UnifiedShopManager.cs
7	PhaseData	/Users/hogun/UnityProjects/My project/unity-project/Assets/Scripts/Systems/Commons/PhaseData.cs
18	SavePlayerData	/Users/hogun/UnityProjects/My project/unity-project/Assets/Scripts/Systems/Commons/PlayerSaveLoad.cs
14	LoadPlayerData	/Users/hogun/UnityProjects/My project/unity-project/Assets/Scripts/Systems/Commons/PlayerSaveLoad.cs
7	Initialize	/Users/hogun/UnityProjects/My project/unity-project/Assets/Scripts/Systems/Commons/ProgressSystem.cs
6	ApplySaveData	/Users/hogun/UnityProjects/My project/unity-project/Assets/Scripts/Systems/Commons/ProgressSystem.cs
13	PassPhase	/Users/hogun/UnityProjects/My project/unity-project/Assets/Scripts/Systems/Commons/ProgressSystem.cs
11	SetPhaseTime	/Users/hogun/UnityProjects/My project/unity-project/Assets/Scripts/Systems/Commons/ProgressSystem.cs
19	PassDay	/Users/hogun/UnityProjects/My project/unity-project/Assets/Scripts/Systems/Commons/ProgressSystem.cs
5	Die	/Users/hogun/UnityProjects/My project/unity-project/Assets/Scripts/Systems/Commons/ProgressSystem.cs
5	AddIncome	/Users/hogun/UnityProjects/My project/unity-project/Assets/Scripts/Systems/Commons/SettlementManager.cs
5	AddExpense	/Users/hogun/UnityProjects/My project/unity-project/Assets/Scripts/Systems/Commons/SettlementManager.cs
4	GetIncomeEntries	/Users/hogun/UnityProjects/My project/unity-project/Assets/Scripts/Systems/Commons/SettlementManager.cs
4	GetExpenseEntries	/Users/hogun/UnityProjects/My project/unity-project/Assets/Scripts/Systems/Commons/SettlementManager.cs
6	TotalIncome	/Users/hogun/UnityProjects/My project/unity-project/Assets/Scripts/Systems/Commons/SettlementManager.cs
6	TotalExpense	/Users/hogun/UnityProjects/My project/unity-project/Assets/Scripts/Systems/Commons/SettlementManager.cs
6	Reset	/Users/hogun/UnityProjects/My project/unity-project/Assets/Scripts/Systems/Commons/SettlementManager.cs
5	Initialize	/Users/hogun/UnityProjects/My project/unity-project/Assets/Scripts/Systems/Commons/StatsSystem.cs
5	ApplySaveData	/Users/hogun/UnityProjects/My project/unity-project/Assets/Scripts/Systems/Commons/StatsSystem.cs
5	AddDay	/Users/hogun/UnityProjects/My project/unity-project/Assets/Scripts/Systems/Commons/StatsSystem.cs
12	AddTime	/Users/hogun/UnityProjects/My project/unity-project/Assets/Scripts/Systems/Commons/StatsSystem.cs
5	SetTime	/Users/hogun/UnityProjects/My project/unity-project/Assets/Scripts/Systems/Commons/StatsSystem.cs
4	BroadcastTime	/Users/hogun/UnityProjects/My project/unity-project/Assets/Scripts/Systems/Commons/StatsSystem.cs
7	SetStamina	/Users/hogun/UnityProjects/My project/unity-project/Assets/Scripts/Systems/Commons/StatsSystem.cs
5	SetMoney	/Users/hogun/UnityProjects/My project/unity-project/Assets/Scripts/Systems/Commons/StatsSystem.cs
5	AddMoney	/Users/hogun/UnityProjects/My project/unity-project/Assets/Scripts/Systems/Commons/StatsSystem.cs
5	SubMoney	/Users/hogun/UnityProjects/My project/unity-project/Assets/Scripts/Systems/Commons/StatsSystem.cs
9	Awake	/Users/hogun/UnityProjects/My project/unity-project/Assets/Scripts/Systems/Commons/TimeManager.cs
4	Start	/Users/hogun/UnityProjects/My project/unity-project/Assets/Scripts/Systems/Commons/TimeManager.cs
12	InitializeTime	/Users/hogun/UnityProjects/My project/unity-project/Assets/Scripts/Systems/Commons/TimeManager.cs
4	OnDestroy	/Users/hogun/UnityProjects/My project/unity-project/Assets/Scripts/Systems/Commons/TimeManager.cs
8	PauseTime	/Users/hogun/UnityProjects/My project/unity-project/Assets/Scripts/Systems/Commons/TimeManager.cs
8	ResumeTime	/Users/hogun/UnityProjects/My project/unity-project/Assets/Scripts/Systems/Commons/TimeManager.cs
5	RegisterBreakPoint	/Users/hogun/UnityProjects/My project/unity-project/Assets/Scripts/Systems/Commons/TimeManager.cs
5	ClearBreakPoint	/Users/hogun/UnityProjects/My project/unity-project/Assets/Scripts/Systems/Commons/TimeManager.cs
12	CheckBreakPoint	/Users/hogun/UnityProjects/My project/unity-project/Assets/Scripts/Systems/Commons/TimeManager.cs
7	PlayTickingSfx	/Users/hogun/UnityProjects/My project/unity-project/Assets/Scripts/Systems/Commons/TimeManager.cs
4	StartCustomerTimer	/Users/hogun/UnityProjects/My project/unity-project/Assets/Scripts/Systems/Commons/TimeManager.cs
14	StartLocalTimer	/Users/hogun/UnityProjects/My project/unity-project/Assets/Scripts/Systems/Commons/TimeManager.cs
11	CancelTimer	/Users/hogun/UnityProjects/My project/unity-project/Assets/Scripts/Systems/Commons/TimeManager.cs
38	Update	/Users/hogun/UnityProjects/My project/unity-project/Assets/Scripts/Systems/Commons/TimeManager.cs
6	UpdateWeather	/Users/hogun/UnityProjects/My project/unity-project/Assets/Scripts/Systems/Commons/WeatherSystem.cs
4	OnPointerEnter	/Users/hogun/UnityProjects/My project/unity-project/Assets/Scripts/Systems/GardenSystem/ButtonHover.cs
4	OnPointerExit	/Users/hogun/UnityProjects/My project/unity-project/Assets/Scripts/Systems/GardenSystem/ButtonHover.cs
10	OnUpdate	/Users/hogun/UnityProjects/My project/unity-project/Assets/Scripts/Systems/MiniGameSystem/ClickMiniGame.cs
5	CalculateScore	/Users/hogun/UnityProjects/My project/unity-project/Assets/Scripts/Systems/MiniGameSystem/ClickMiniGame.cs
51	OnUpdate	/Users/hogun/UnityProjects/My project/unity-project/Assets/Scripts/Systems/MiniGameSystem/FireMiniGame.cs
11	UpdateArrowPosition	/Users/hogun/UnityProjects/My project/unity-project/Assets/Scripts/Systems/MiniGameSystem/FireMiniGame.cs
10	CalculateFrameScore	/Users/hogun/UnityProjects/My project/unity-project/Assets/Scripts/Systems/MiniGameSystem/FireMiniGame.cs
4	CalculateScore	/Users/hogun/UnityProjects/My project/unity-project/Assets/Scripts/Systems/MiniGameSystem/FireMiniGame.cs
5	InitializeQueue	/Users/hogun/UnityProjects/My project/unity-project/Assets/Scripts/Systems/MiniGameSystem/GriddleMinigame.cs
17	SpawnNextArrow	/Users/hogun/UnityProjects/My project/unity-project/Assets/Scripts/Systems/MiniGameSystem/GriddleMinigame.cs
17	UpdateVisualPositions	/Users/hogun/UnityProjects/My project/unity-project/Assets/Scripts/Systems/MiniGameSystem/GriddleMinigame.cs
12	OnUpdate	/Users/hogun/UnityProjects/My project/unity-project/Assets/Scripts/Systems/MiniGameSystem/GriddleMinigame.cs
8	GetInput	/Users/hogun/UnityProjects/My project/unity-project/Assets/Scripts/Systems/MiniGameSystem/GriddleMinigame.cs
30	CheckAnswer	/Users/hogun/UnityProjects/My project/unity-project/Assets/Scripts/Systems/MiniGameSystem/GriddleMinigame.cs
15	ProcessArrowEffect	/Users/hogun/UnityProjects/My project/unity-project/Assets/Scripts/Systems/MiniGameSystem/GriddleMinigame.cs
6	VolumeSpike	/Users/hogun/UnityProjects/My project/unity-project/Assets/Scripts/Systems/MiniGameSystem/GriddleMinigame.cs
7	CalculateScore	/Users/hogun/UnityProjects/My project/unity-project/Assets/Scripts/Systems/MiniGameSystem/GriddleMinigame.cs
7	StartGame	/Users/hogun/UnityProjects/My project/unity-project/Assets/Scripts/Systems/MiniGameSystem/MiniGameAbstract.cs
15	Update	/Users/hogun/UnityProjects/My project/unity-project/Assets/Scripts/Systems/MiniGameSystem/MiniGameAbstract.cs
17	EndGame	/Users/hogun/UnityProjects/My project/unity-project/Assets/Scripts/Systems/MiniGameSystem/MiniGameAbstract.cs
9	getScoringInstance	/Users/hogun/UnityProjects/My project/unity-project/Assets/Scripts/Systems/MiniGameSystem/MiniGameAbstract.cs
6	ShowBG	/Users/hogun/UnityProjects/My project/unity-project/Assets/Scripts/Systems/MiniGameSystem/MiniGameAbstract.cs
4	RemoveBG	/Users/hogun/UnityProjects/My project/unity-project/Assets/Scripts/Systems/MiniGameSystem/MiniGameAbstract.cs
13	OnGameStarted	/Users/hogun/UnityProjects/My project/unity-project/Assets/Scripts/Systems/MiniGameSystem/MiniGameAbstract.cs
37	PlayCoroutine	/Users/hogun/UnityProjects/My project/unity-project/Assets/Scripts/Systems/MiniGameSystem/MiniGameManager.cs
17	GetPrefab	/Users/hogun/UnityProjects/My project/unity-project/Assets/Scripts/Systems/MiniGameSystem/MiniGameManager.cs
17	OnUpdate	/Users/hogun/UnityProjects/My project/unity-project/Assets/Scripts/Systems/MiniGameSystem/MixMiniGame.cs
4	CalculateScore	/Users/hogun/UnityProjects/My project/unity-project/Assets/Scripts/Systems/MiniGameSystem/MixMiniGame.cs
7	checkEnd	/Users/hogun/UnityProjects/My project/unity-project/Assets/Scripts/Systems/MiniGameSystem/MixMiniGame.cs
4	SetDefaultPosition	/Users/hogun/UnityProjects/My project/unity-project/Assets/Scripts/Systems/MiniGameSystem/MixMiniGame.cs
13	Animating	/Users/hogun/UnityProjects/My project/unity-project/Assets/Scripts/Systems/MiniGameSystem/MixMiniGame.cs
6	sweep	/Users/hogun/UnityProjects/My project/unity-project/Assets/Scripts/Systems/MiniGameSystem/MixMiniGame.cs
7	calculatePosition	/Users/hogun/UnityProjects/My project/unity-project/Assets/Scripts/Systems/MiniGameSystem/MixMiniGame.cs
2	Image	/Users/hogun/UnityProjects/My project/unity-project/Assets/Scripts/Systems/MiniGameSystem/SauceMiniGame.cs
8	Awake	/Users/hogun/UnityProjects/My project/unity-project/Assets/Scripts/Systems/MiniGameSystem/SauceMiniGame.cs
42	OnUpdate	/Users/hogun/UnityProjects/My project/unity-project/Assets/Scripts/Systems/MiniGameSystem/SauceMiniGame.cs
9	CalculateScore	/Users/hogun/UnityProjects/My project/unity-project/Assets/Scripts/Systems/MiniGameSystem/SauceMiniGame.cs
8	OnUpdate	/Users/hogun/UnityProjects/My project/unity-project/Assets/Scripts/Systems/MiniGameSystem/SliceMiniGame.cs
16	HandleInput	/Users/hogun/UnityProjects/My project/unity-project/Assets/Scripts/Systems/MiniGameSystem/SliceMiniGame.cs
11	ProceedSlice	/Users/hogun/UnityProjects/My project/unity-project/Assets/Scripts/Systems/MiniGameSystem/SliceMiniGame.cs
11	FinishSlice	/Users/hogun/UnityProjects/My project/unity-project/Assets/Scripts/Systems/MiniGameSystem/SliceMiniGame.cs
7	SpawnPiece	/Users/hogun/UnityProjects/My project/unity-project/Assets/Scripts/Systems/MiniGameSystem/SliceMiniGame.cs
3	UpdateKnifeTransform	/Users/hogun/UnityProjects/My project/unity-project/Assets/Scripts/Systems/MiniGameSystem/SliceMiniGame.cs
5	GetMouseWorldPos	/Users/hogun/UnityProjects/My project/unity-project/Assets/Scripts/Systems/MiniGameSystem/SliceMiniGame.cs
3	IsAtStart	/Users/hogun/UnityProjects/My project/unity-project/Assets/Scripts/Systems/MiniGameSystem/SliceMiniGame.cs
4	Success	/Users/hogun/UnityProjects/My project/unity-project/Assets/Scripts/Systems/MiniGameSystem/helper/ArrowButton.cs
4	Fail	/Users/hogun/UnityProjects/My project/unity-project/Assets/Scripts/Systems/MiniGameSystem/helper/ArrowButton.cs
4	Awake	/Users/hogun/UnityProjects/My project/unity-project/Assets/Scripts/Systems/MiniGameSystem/helper/ButtonAnimator.cs
4	Update	/Users/hogun/UnityProjects/My project/unity-project/Assets/Scripts/Systems/MiniGameSystem/helper/ButtonAnimator.cs
4	Awake	/Users/hogun/UnityProjects/My project/unity-project/Assets/Scripts/Systems/MiniGameSystem/helper/GuidedButtonAnimator.cs
19	Update	/Users/hogun/UnityProjects/My project/unity-project/Assets/Scripts/Systems/MiniGameSystem/helper/GuidedButtonAnimator.cs
5	Guide	/Users/hogun/UnityProjects/My project/unity-project/Assets/Scripts/Systems/MiniGameSystem/helper/GuidedButtonAnimator.cs
6	Unguide	/Users/hogun/UnityProjects/My project/unity-project/Assets/Scripts/Systems/MiniGameSystem/helper/GuidedButtonAnimator.cs
4	SetPress	/Users/hogun/UnityProjects/My project/unity-project/Assets/Scripts/Systems/MiniGameSystem/helper/MouseAnimator.cs
4	SetUnpressed	/Users/hogun/UnityProjects/My project/unity-project/Assets/Scripts/Systems/MiniGameSystem/helper/MouseAnimator.cs
5	SliceScorer	/Users/hogun/UnityProjects/My project/unity-project/Assets/Scripts/Systems/MiniGameSystem/helper/SliceScorer.cs
5	RecordSegment	/Users/hogun/UnityProjects/My project/unity-project/Assets/Scripts/Systems/MiniGameSystem/helper/SliceScorer.cs
5	GetFinalScore	/Users/hogun/UnityProjects/My project/unity-project/Assets/Scripts/Systems/MiniGameSystem/helper/SliceScorer.cs
7	SetupMask	/Users/hogun/UnityProjects/My project/unity-project/Assets/Scripts/Systems/MiniGameSystem/helper/SliceVisualizer.cs
24	UpdateMask	/Users/hogun/UnityProjects/My project/unity-project/Assets/Scripts/Systems/MiniGameSystem/helper/SliceVisualizer.cs
5	UpdateGuide	/Users/hogun/UnityProjects/My project/unity-project/Assets/Scripts/Systems/MiniGameSystem/helper/SliceVisualizer.cs
7	ManageHint	/Users/hogun/UnityProjects/My project/unity-project/Assets/Scripts/Systems/MiniGameSystem/helper/SliceVisualizer.cs
2	ClearHint	/Users/hogun/UnityProjects/My project/unity-project/Assets/Scripts/Systems/MiniGameSystem/helper/SliceVisualizer.cs
14	Initialize	/Users/hogun/UnityProjects/My project/unity-project/Assets/Scripts/UI/BentoCategoryUI.cs
5	Scroll	/Users/hogun/UnityProjects/My project/unity-project/Assets/Scripts/UI/BentoCategoryUI.cs
13	Clear	/Users/hogun/UnityProjects/My project/unity-project/Assets/Scripts/UI/BentoCategoryUI.cs
13	AddItem	/Users/hogun/UnityProjects/My project/unity-project/Assets/Scripts/UI/BentoCategoryUI.cs
5	Start	/Users/hogun/UnityProjects/My project/unity-project/Assets/Scripts/UI/BentoSelectionController.cs
24	LoadAllFoodData	/Users/hogun/UnityProjects/My project/unity-project/Assets/Scripts/UI/BentoSelectionController.cs
26	InitializeController	/Users/hogun/UnityProjects/My project/unity-project/Assets/Scripts/UI/BentoSelectionController.cs
20	PopulateSlotItems	/Users/hogun/UnityProjects/My project/unity-project/Assets/Scripts/UI/BentoSelectionController.cs
24	HandleItemSelection	/Users/hogun/UnityProjects/My project/unity-project/Assets/Scripts/UI/BentoSelectionController.cs
8	RefreshSlotUI	/Users/hogun/UnityProjects/My project/unity-project/Assets/Scripts/UI/BentoSelectionController.cs
9	OnBentoNameChanged	/Users/hogun/UnityProjects/My project/unity-project/Assets/Scripts/UI/BentoSelectionController.cs
12	ConfirmAll	/Users/hogun/UnityProjects/My project/unity-project/Assets/Scripts/UI/BentoSelectionController.cs
9	Show	/Users/hogun/UnityProjects/My project/unity-project/Assets/Scripts/UI/BentoSelectionController.cs
5	Update	/Users/hogun/UnityProjects/My project/unity-project/Assets/Scripts/UI/BentoSelectionController.cs
6	Close	/Users/hogun/UnityProjects/My project/unity-project/Assets/Scripts/UI/BentoSelectionController.cs
11	Initialize	/Users/hogun/UnityProjects/My project/unity-project/Assets/Scripts/UI/BentoSlotUI.cs
27	Refresh	/Users/hogun/UnityProjects/My project/unity-project/Assets/Scripts/UI/BentoSlotUI.cs
5	Awake	/Users/hogun/UnityProjects/My project/unity-project/Assets/Scripts/UI/FlexibleGridCell.cs
4	OnEnable	/Users/hogun/UnityProjects/My project/unity-project/Assets/Scripts/UI/FlexibleGridCell.cs
4	OnRectTransformDimensionsChange	/Users/hogun/UnityProjects/My project/unity-project/Assets/Scripts/UI/FlexibleGridCell.cs
19	UpdateCellSize	/Users/hogun/UnityProjects/My project/unity-project/Assets/Scripts/UI/FlexibleGridCell.cs
5	SetIndex	/Users/hogun/UnityProjects/My project/unity-project/Assets/Scripts/UI/FullScreenSelector.cs
6	Show	/Users/hogun/UnityProjects/My project/unity-project/Assets/Scripts/UI/InteractPromptUI.cs
5	Hide	/Users/hogun/UnityProjects/My project/unity-project/Assets/Scripts/UI/InteractPromptUI.cs
28	EnsureCreated	/Users/hogun/UnityProjects/My project/unity-project/Assets/Scripts/UI/InteractPromptUI.cs
8	Awake	/Users/hogun/UnityProjects/My project/unity-project/Assets/Scripts/UI/MenuSelectionItem.cs
41	SetData	/Users/hogun/UnityProjects/My project/unity-project/Assets/Scripts/UI/MenuSelectionItem.cs
5	SetSelection	/Users/hogun/UnityProjects/My project/unity-project/Assets/Scripts/UI/MenuSelectionItem.cs
16	SetTool	/Users/hogun/UnityProjects/My project/unity-project/Assets/Scripts/UI/MenuSelectionItem.cs
2	SetLayoutHorizontal	/Users/hogun/UnityProjects/My project/unity-project/Assets/Scripts/UI/MinAspectRatio.cs
6	SetLayoutVertical	/Users/hogun/UnityProjects/My project/unity-project/Assets/Scripts/UI/MinAspectRatio.cs
7	Start	/Users/hogun/UnityProjects/My project/unity-project/Assets/Scripts/UI/PhaseActionSelector.cs
13	InitializeActionExecutors	/Users/hogun/UnityProjects/My project/unity-project/Assets/Scripts/UI/PhaseActionSelector.cs
7	TransitionScene	/Users/hogun/UnityProjects/My project/unity-project/Assets/Scripts/UI/PhaseActionSelector.cs
13	SetupButtons	/Users/hogun/UnityProjects/My project/unity-project/Assets/Scripts/UI/PhaseActionSelector.cs
25	UpdateUI	/Users/hogun/UnityProjects/My project/unity-project/Assets/Scripts/UI/PhaseActionSelector.cs
18	GetPhaseText	/Users/hogun/UnityProjects/My project/unity-project/Assets/Scripts/UI/PhaseActionSelector.cs
5	OnActionClicked	/Users/hogun/UnityProjects/My project/unity-project/Assets/Scripts/UI/PhaseActionSelector.cs
4	RefreshUI	/Users/hogun/UnityProjects/My project/unity-project/Assets/Scripts/UI/PhaseActionSelector.cs
19	Start	/Users/hogun/UnityProjects/My project/unity-project/Assets/Scripts/UI/RecipeBookToggleButton.cs
10	Update	/Users/hogun/UnityProjects/My project/unity-project/Assets/Scripts/UI/RecipeBookToggleButton.cs
15	OnToggleButtonClicked	/Users/hogun/UnityProjects/My project/unity-project/Assets/Scripts/UI/RecipeBookToggleButton.cs
13	UpdateButtonText	/Users/hogun/UnityProjects/My project/unity-project/Assets/Scripts/UI/RecipeBookToggleButton.cs
4	readonly	/Users/hogun/UnityProjects/My project/unity-project/Assets/Scripts/UI/ScreenResolutionSelector.cs
5	SetIndex	/Users/hogun/UnityProjects/My project/unity-project/Assets/Scripts/UI/ScreenResolutionSelector.cs
8	SaveRoutine	/Users/hogun/UnityProjects/My project/unity-project/Assets/Scripts/UI/Settlement/SettlementController.cs
31	BuildUI	/Users/hogun/UnityProjects/My project/unity-project/Assets/Scripts/UI/Settlement/SettlementController.cs
5	SpawnLine	/Users/hogun/UnityProjects/My project/unity-project/Assets/Scripts/UI/Settlement/SettlementController.cs
6	Set	/Users/hogun/UnityProjects/My project/unity-project/Assets/Scripts/UI/Settlement/SettlementLineItemUI.cs
6	SetNeutral	/Users/hogun/UnityProjects/My project/unity-project/Assets/Scripts/UI/Settlement/SettlementLineItemUI.cs
4	RegisterContentUpdater	/Users/hogun/UnityProjects/My project/unity-project/Assets/Scripts/UI/TooltipController.cs
38	ShowFeedbackCoroutine	/Users/hogun/UnityProjects/My project/unity-project/Assets/Scripts/UI/ValidationFeedbackUI.cs
11	FadeCanvasGroup	/Users/hogun/UnityProjects/My project/unity-project/Assets/Scripts/UI/ValidationFeedbackUI.cs
13	GetGradeColor	/Users/hogun/UnityProjects/My project/unity-project/Assets/Scripts/UI/ValidationFeedbackUI.cs
13	GetGradeColorRGB	/Users/hogun/UnityProjects/My project/unity-project/Assets/Scripts/UI/ValidationFeedbackUI.cs
22	ShowMessageCoroutine	/Users/hogun/UnityProjects/My project/unity-project/Assets/Scripts/UI/ValidationFeedbackUI.cs
6	SetProgress	/Users/hogun/UnityProjects/My project/unity-project/Assets/Scripts/UI/general/GaugeUI.cs
11	SnapTo	/Users/hogun/UnityProjects/My project/unity-project/Assets/Scripts/UI/general/GaugeUI.cs
29	SetTargetTime	/Users/hogun/UnityProjects/My project/unity-project/Assets/Scripts/UI/stats/ClockUI.cs
4	SetTargetValue	/Users/hogun/UnityProjects/My project/unity-project/Assets/Scripts/UI/stats/MoneyUI.cs
5	OnEnable	/Users/hogun/UnityProjects/My project/unity-project/Assets/Scripts/UI/stats/NumericStatsViewer.cs
5	Start	/Users/hogun/UnityProjects/My project/unity-project/Assets/Scripts/UI/stats/NumericStatsViewer.cs
9	OnDisable	/Users/hogun/UnityProjects/My project/unity-project/Assets/Scripts/UI/stats/NumericStatsViewer.cs
9	TrySubscribe	/Users/hogun/UnityProjects/My project/unity-project/Assets/Scripts/UI/stats/NumericStatsViewer.cs
8	RefreshAll	/Users/hogun/UnityProjects/My project/unity-project/Assets/Scripts/UI/stats/NumericStatsViewer.cs
5	UpdateMoney	/Users/hogun/UnityProjects/My project/unity-project/Assets/Scripts/UI/stats/NumericStatsViewer.cs
5	UpdateStamina	/Users/hogun/UnityProjects/My project/unity-project/Assets/Scripts/UI/stats/NumericStatsViewer.cs
35	UpdateGauge	/Users/hogun/UnityProjects/My project/unity-project/Assets/Scripts/UI/stats/StaminaGauge.cs
11	Ensure	/Users/hogun/UnityProjects/My project/unity-project/Assets/Scripts/Utilities/ManagerBootstrap.cs
23	EnsureAll	/Users/hogun/UnityProjects/My project/unity-project/Assets/Scripts/Utilities/ManagerBootstrap.cs
14	EnsureRecipeBookManager	/Users/hogun/UnityProjects/My project/unity-project/Assets/Scripts/Utilities/ManagerBootstrap.cs
10	ValidationResult	/Users/hogun/UnityProjects/My project/unity-project/Assets/Scripts/Utilities/MenuValidator.cs
41	Validate	/Users/hogun/UnityProjects/My project/unity-project/Assets/Scripts/Utilities/MenuValidator.cs
6	ValidateMainMenu	/Users/hogun/UnityProjects/My project/unity-project/Assets/Scripts/Utilities/MenuValidator.cs
20	CountCorrectSides	/Users/hogun/UnityProjects/My project/unity-project/Assets/Scripts/Utilities/MenuValidator.cs
35	CalculateAccuracyScore	/Users/hogun/UnityProjects/My project/unity-project/Assets/Scripts/Utilities/MenuValidator.cs
47	GenerateFeedback	/Users/hogun/UnityProjects/My project/unity-project/Assets/Scripts/Utilities/MenuValidator.cs
9	GetGrade	/Users/hogun/UnityProjects/My project/unity-project/Assets/Scripts/Utilities/MenuValidator.cs
40	CalculateReward	/Users/hogun/UnityProjects/My project/unity-project/Assets/Scripts/Utilities/MenuValidator.cs
5	HasSaveData	/Users/hogun/UnityProjects/My project/unity-project/Assets/Scripts/Utilities/SaveManager.cs
36	SaveAll	/Users/hogun/UnityProjects/My project/unity-project/Assets/Scripts/Utilities/SaveManager.cs
31	LoadAll	/Users/hogun/UnityProjects/My project/unity-project/Assets/Scripts/Utilities/SaveManager.cs
24	MigrateLegacyIfNeeded	/Users/hogun/UnityProjects/My project/unity-project/Assets/Scripts/Utilities/SaveManager.cs
5	DeleteLegacyFile	/Users/hogun/UnityProjects/My project/unity-project/Assets/Scripts/Utilities/SaveManager.cs
4	SetCurrentScene	/Users/hogun/UnityProjects/My project/unity-project/Assets/Scripts/Utilities/SceneLoader.cs
4	LoadScene	/Users/hogun/UnityProjects/My project/unity-project/Assets/Scripts/Utilities/SceneLoader.cs
4	LoadSceneWithInit	/Users/hogun/UnityProjects/My project/unity-project/Assets/Scripts/Utilities/SceneLoader.cs
19	LoadSceneInternal	/Users/hogun/UnityProjects/My project/unity-project/Assets/Scripts/Utilities/SceneLoader.cs
21	LoadSceneDirectCoroutine	/Users/hogun/UnityProjects/My project/unity-project/Assets/Scripts/Utilities/SceneLoader.cs
6	GetCoroutineRunner	/Users/hogun/UnityProjects/My project/unity-project/Assets/Scripts/Utilities/SceneLoader.cs
7	GetFoodDataById	/Users/hogun/UnityProjects/My project/unity-project/Assets/Scripts/Utilities/SearchDataUtil.cs
7	GetIngredientDataById	/Users/hogun/UnityProjects/My project/unity-project/Assets/Scripts/Utilities/SearchDataUtil.cs
7	GetRecipeDataByFoodId	/Users/hogun/UnityProjects/My project/unity-project/Assets/Scripts/Utilities/SearchDataUtil.cs
7	GetCookingToolDataById	/Users/hogun/UnityProjects/My project/unity-project/Assets/Scripts/Utilities/SearchDataUtil.cs
24	GetChainDepth	/Users/hogun/UnityProjects/My project/unity-project/Assets/Scripts/Utilities/SearchDataUtil.cs
9	Invalidate	/Users/hogun/UnityProjects/My project/unity-project/Assets/Scripts/Utilities/SearchDataUtil.cs
10	Awake	/Users/hogun/UnityProjects/My project/unity-project/Assets/Scripts/Utilities/SingletonMonoBehaviour.cs
5	OnDestroy	/Users/hogun/UnityProjects/My project/unity-project/Assets/Scripts/Utilities/SingletonMonoBehaviour.cs
2	OnSingletonAwake	/Users/hogun/UnityProjects/My project/unity-project/Assets/Scripts/Utilities/SingletonMonoBehaviour.cs
13	Awake	/Users/hogun/UnityProjects/My project/unity-project/Assets/Scripts/Utilities/SpriteStackRenderer.cs
6	Clear	/Users/hogun/UnityProjects/My project/unity-project/Assets/Scripts/Utilities/SpriteStackRenderer.cs
11	DrawMany	/Users/hogun/UnityProjects/My project/unity-project/Assets/Scripts/Utilities/SpriteStackRenderer.cs
5	Add	/Users/hogun/UnityProjects/My project/unity-project/Assets/Scripts/Utilities/SpriteStackRenderer.cs
5	Add	/Users/hogun/UnityProjects/My project/unity-project/Assets/Scripts/Utilities/SpriteStackRenderer.cs
22	CreateIcon	/Users/hogun/UnityProjects/My project/unity-project/Assets/Scripts/Utilities/SpriteStackRenderer.cs
22	CreateIcon	/Users/hogun/UnityProjects/My project/unity-project/Assets/Scripts/Utilities/SpriteStackRenderer.cs
4	Lock	/Users/hogun/UnityProjects/My project/unity-project/Assets/Scripts/Utilities/UILockManager.cs
4	Unlock	/Users/hogun/UnityProjects/My project/unity-project/Assets/Scripts/Utilities/UILockManager.cs
4	IsLockedBy	/Users/hogun/UnityProjects/My project/unity-project/Assets/Scripts/Utilities/UILockManager.cs
6	CanOpen	/Users/hogun/UnityProjects/My project/unity-project/Assets/Scripts/Utilities/UILockManager.cs
4	Reset	/Users/hogun/UnityProjects/My project/unity-project/Assets/Scripts/Utilities/UILockManager.cs
9	getState	/Users/hogun/UnityProjects/My project/unity-project/Assets/Scripts/Utilities/VisibleStateUtil.cs
6	isRendererActive	/Users/hogun/UnityProjects/My project/unity-project/Assets/Scripts/Utilities/VisibleStateUtil.cs
5	isScreenInside	/Users/hogun/UnityProjects/My project/unity-project/Assets/Scripts/Utilities/VisibleStateUtil.cs
5	refreshCamera	/Users/hogun/UnityProjects/My project/unity-project/Assets/Scripts/Utilities/VisibleStateUtil.cs
3	CsvParsingException	/Users/hogun/UnityProjects/My project/unity-project/Assets/Scripts/Utilities/dataIO/CsvModelConverter.cs
28	Parse	/Users/hogun/UnityProjects/My project/unity-project/Assets/Scripts/Utilities/dataIO/CsvModelConverter.cs
20	SaveData	/Users/hogun/UnityProjects/My project/unity-project/Assets/Scripts/Utilities/dataIO/DataSaveUtil.cs
22	LoadData	/Users/hogun/UnityProjects/My project/unity-project/Assets/Scripts/Utilities/dataIO/DataSaveUtil.cs
15	HasFile	/Users/hogun/UnityProjects/My project/unity-project/Assets/Scripts/Utilities/dataIO/DataSaveUtil.cs
6	Init	/Users/hogun/UnityProjects/My project/unity-project/Assets/Scripts/Utilities/editor/SpriteAssetAlignWithText.cs
11	OnGUI	/Users/hogun/UnityProjects/My project/unity-project/Assets/Scripts/Utilities/editor/SpriteAssetAlignWithText.cs
46	AdjustSelectedAssets	/Users/hogun/UnityProjects/My project/unity-project/Assets/Scripts/Utilities/editor/SpriteAssetAlignWithText.cs
43	RegisterAllFallbacks	/Users/hogun/UnityProjects/My project/unity-project/Assets/Scripts/Utilities/editor/SpriteFallbackAutoRegister.cs
49	DetectState	/Users/hogun/UnityProjects/My project/unity-project/Assets/Scripts/Utilities/mouseControl/ClickStateUtil.cs
11	InvokeFor	/Users/hogun/UnityProjects/My project/unity-project/Assets/Scripts/Utilities/mouseControl/ClickStateUtil.cs
11	TryBeginOverMe	/Users/hogun/UnityProjects/My project/unity-project/Assets/Scripts/Utilities/mouseControl/ClickStateUtil.cs
27	IsTopMostAt	/Users/hogun/UnityProjects/My project/unity-project/Assets/Scripts/Utilities/mouseControl/ClickStateUtil.cs
9	ForceDragStart	/Users/hogun/UnityProjects/My project/unity-project/Assets/Scripts/Utilities/mouseControl/ClickStateUtil.cs
5	SafeInvoke	/Users/hogun/UnityProjects/My project/unity-project/Assets/Scripts/Utilities/mouseControl/ClickStateUtil.cs
4	Awake	/Users/hogun/UnityProjects/My project/unity-project/Assets/Scripts/Utilities/mouseControl/DragSortingBump.cs
5	OnEnable	/Users/hogun/UnityProjects/My project/unity-project/Assets/Scripts/Utilities/mouseControl/DragSortingBump.cs
5	OnDisable	/Users/hogun/UnityProjects/My project/unity-project/Assets/Scripts/Utilities/mouseControl/DragSortingBump.cs
15	OnDragStart	/Users/hogun/UnityProjects/My project/unity-project/Assets/Scripts/Utilities/mouseControl/DragSortingBump.cs
8	OnDragEnd	/Users/hogun/UnityProjects/My project/unity-project/Assets/Scripts/Utilities/mouseControl/DragSortingBump.cs
8	Invoke	/Users/hogun/UnityProjects/My project/unity-project/Assets/Scripts/Utilities/mouseControl/HoverStateUtil.cs
5	Awake	/Users/hogun/UnityProjects/My project/unity-project/Assets/Scripts/Utilities/mouseControl/ScanColliderUtil.cs
13	GetOverlappingWithComponent	/Users/hogun/UnityProjects/My project/unity-project/Assets/Scripts/Utilities/mouseControl/ScanColliderUtil.cs
13	GetOverlappingWithTag	/Users/hogun/UnityProjects/My project/unity-project/Assets/Scripts/Utilities/mouseControl/ScanColliderUtil.cs
10	GetValidOverlappingColliders	/Users/hogun/UnityProjects/My project/unity-project/Assets/Scripts/Utilities/mouseControl/ScanColliderUtil.cs
9	UpdateNearest	/Users/hogun/UnityProjects/My project/unity-project/Assets/Scripts/Utilities/mouseControl/ScanColliderUtil.cs
5	InitSession	/Users/hogun/UnityProjects/My project/unity-project/Assets/Scripts/Utilities/randoms/GameRandom.cs
6	InitDay	/Users/hogun/UnityProjects/My project/unity-project/Assets/Scripts/Utilities/randoms/GameRandom.cs
4	Range	/Users/hogun/UnityProjects/My project/unity-project/Assets/Scripts/Utilities/randoms/GameRandom.cs
4	Range	/Users/hogun/UnityProjects/My project/unity-project/Assets/Scripts/Utilities/randoms/GameRandom.cs
4	Value	/Users/hogun/UnityProjects/My project/unity-project/Assets/Scripts/Utilities/randoms/GameRandom.cs
7	Normal	/Users/hogun/UnityProjects/My project/unity-project/Assets/Scripts/Utilities/randoms/GameRandom.cs
6	NormalRange	/Users/hogun/UnityProjects/My project/unity-project/Assets/Scripts/Utilities/randoms/GameRandom.cs
5	Pick	/Users/hogun/UnityProjects/My project/unity-project/Assets/Scripts/Utilities/randoms/GameRandom.cs
14	Pick	/Users/hogun/UnityProjects/My project/unity-project/Assets/Scripts/Utilities/randoms/GameRandom.cs
16	WeightedPick	/Users/hogun/UnityProjects/My project/unity-project/Assets/Scripts/Utilities/randoms/GameRandom.cs
12	Pick	/Users/hogun/UnityProjects/My project/unity-project/Assets/Scripts/Utilities/randoms/RandomGeneral.cs
23	Pick	/Users/hogun/UnityProjects/My project/unity-project/Assets/Scripts/Utilities/randoms/RandomGeneral.cs
13	getRandomNormal	/Users/hogun/UnityProjects/My project/unity-project/Assets/Scripts/Utilities/randoms/RandomGeneral.cs
9	Get	/Users/hogun/UnityProjects/My project/unity-project/Assets/Scripts/Utilities/randoms/RandomNormal.cs
9	Range	/Users/hogun/UnityProjects/My project/unity-project/Assets/Scripts/Utilities/randoms/RandomNormal.cs
