TextMesh Pro/Documentation/TextMesh Pro User Guide 2016	1b8d251f9af63b746bf2f7ffe00ebb9b	TextMesh Pro/Documentation/TextMesh Pro User Guide 2016.pdf	0	0	1	USED
TextMesh Pro/Resources/TMP Settings	3f5b5dff67a942289a9defa416b206f3	TextMesh Pro/Resources/TMP Settings.asset	0	0	1	USED
TextMesh Pro/Resources/Sprite Assets/EmojiOne	c41005c129ba4d66911b75229fd70b45	TextMesh Pro/Resources/Sprite Assets/EmojiOne.asset	0	0	1	USED
TextMesh Pro/Resources/Style Sheets/Default Style Sheet	f952c082cb03451daed3ee968ac6c63e	TextMesh Pro/Resources/Style Sheets/Default Style Sheet.asset	0	0	1	USED
TextMesh Pro/Resources/Fonts & Materials/SUIT-Variable SDF	0aee1aaadb3ec4e43954a19127e8fd42	TextMesh Pro/Resources/Fonts & Materials/SUIT-Variable SDF.asset	0	0	1	USED
TextMesh Pro/Resources/Fonts & Materials/LiberationSans SDF - Fallback	2e498d1c8094910479dc3e1b768306a4	TextMesh Pro/Resources/Fonts & Materials/LiberationSans SDF - Fallback.asset	0	0	1	USED
TextMesh Pro/Resources/Fonts & Materials/LICENSE	85eb1558de28b4b7a86fbf1bba318993	TextMesh Pro/Resources/Fonts & Materials/LICENSE	0	0	1	USED
TextMesh Pro/Resources/Fonts & Materials/LiberationSans SDF - Drop Shadow	e73a58f6e2794ae7b1b7e50b7fb811b0	TextMesh Pro/Resources/Fonts & Materials/LiberationSans SDF - Drop Shadow.mat	0	0	1	USED
TextMesh Pro/Resources/Fonts & Materials/SUIT-Variable	f1aebbc5ffedb4dba8810265c0d7cac7	TextMesh Pro/Resources/Fonts & Materials/SUIT-Variable.ttf	0	0	1	USED
TextMesh Pro/Resources/Fonts & Materials/LiberationSans SDF	8f586378b4e144a9851e7b34d9b748ee	TextMesh Pro/Resources/Fonts & Materials/LiberationSans SDF.asset	0	0	1	USED
TextMesh Pro/Resources/Fonts & Materials/LiberationSans SDF - Outline	79459efec17a4d00a321bdcc27bbc385	TextMesh Pro/Resources/Fonts & Materials/LiberationSans SDF - Outline.mat	0	0	1	USED
TextMesh Pro/Resources/LineBreaking Following Characters	fade42e8bc714b018fac513c043d323b	TextMesh Pro/Resources/LineBreaking Following Characters.txt	0	0	1	USED
TextMesh Pro/Resources/LineBreaking Leading Characters	d82c1b31c7e74239bff1220585707d2b	TextMesh Pro/Resources/LineBreaking Leading Characters.txt	0	0	1	USED
TextMesh Pro/Shaders/TMP_SDF-Mobile Overlay	a02a7d8c237544f1962732b55a9aebf1	TextMesh Pro/Shaders/TMP_SDF-Mobile Overlay.shader	0	0	1	USED
TextMesh Pro/Shaders/TMP_SDF-Mobile Masking	bc1ede39bf3643ee8e493720e4259791	TextMesh Pro/Shaders/TMP_SDF-Mobile Masking.shader	0	0	1	USED
TextMesh Pro/Shaders/TMPro_Properties	3997e2241185407d80309a82f9148466	TextMesh Pro/Shaders/TMPro_Properties.cginc	0	0	1	USED
TextMesh Pro/Shaders/TMP_SDF SSD	14eb328de4b8eb245bb7cea29e4ac00b	TextMesh Pro/Shaders/TMP_SDF SSD.shader	0	0	1	USED
TextMesh Pro/Shaders/TMP_SDF Overlay	dd89cf5b9246416f84610a006f916af7	TextMesh Pro/Shaders/TMP_SDF Overlay.shader	0	0	1	USED
TextMesh Pro/Shaders/TMP_SDF-HDRP UNLIT	f63d574838ccfb44f84acc05fed0af48	TextMesh Pro/Shaders/TMP_SDF-HDRP UNLIT.shadergraph	0	0	1	USED
TextMesh Pro/Shaders/TMP_Bitmap-Mobile	1e3b057af24249748ff873be7fafee47	TextMesh Pro/Shaders/TMP_Bitmap-Mobile.shader	0	0	1	USED
TextMesh Pro/Shaders/TMP_SDF-Surface	f7ada0af4f174f0694ca6a487b8f543d	TextMesh Pro/Shaders/TMP_SDF-Surface.shader	0	0	1	USED
TextMesh Pro/Shaders/TMPro_Mobile	c334973cef89a9840b0b0c507e0377ab	TextMesh Pro/Shaders/TMPro_Mobile.cginc	0	0	1	USED
TextMesh Pro/Shaders/TMP_Bitmap	128e987d567d4e2c824d754223b3f3b0	TextMesh Pro/Shaders/TMP_Bitmap.shader	0	0	1	USED
TextMesh Pro/Shaders/TMP_SDF-Mobile-2-Pass	0178fcb869bafef4690d177d31d17db8	TextMesh Pro/Shaders/TMP_SDF-Mobile-2-Pass.shader	0	0	1	USED
TextMesh Pro/Shaders/TMP_Sprite	cf81c85f95fe47e1a27f6ae460cf182c	TextMesh Pro/Shaders/TMP_Sprite.shader	0	0	1	USED
TextMesh Pro/Shaders/TMP_SDF-HDRP LIT	ca2ed216f98028c4dae6c5224a952b3c	TextMesh Pro/Shaders/TMP_SDF-HDRP LIT.shadergraph	0	0	1	USED
TextMesh Pro/Shaders/TMPro_Surface	d930090c0cd643c7b55f19a38538c162	TextMesh Pro/Shaders/TMPro_Surface.cginc	0	0	1	USED
TextMesh Pro/Shaders/TMP_SDF-Mobile	fe393ace9b354375a9cb14cdbbc28be4	TextMesh Pro/Shaders/TMP_SDF-Mobile.shader	0	0	1	USED
TextMesh Pro/Shaders/TMP_SDF-URP Lit	a3d800b099a06e0478fb790c5e79057a	TextMesh Pro/Shaders/TMP_SDF-URP Lit.shadergraph	0	0	1	USED
TextMesh Pro/Shaders/SDFFunctions	96de908384869cd409c75efa351d5edf	TextMesh Pro/Shaders/SDFFunctions.hlsl	0	0	1	USED
TextMesh Pro/Shaders/TMP_SDF-Surface-Mobile	85187c2149c549c5b33f0cdb02836b17	TextMesh Pro/Shaders/TMP_SDF-Surface-Mobile.shader	0	0	1	USED
TextMesh Pro/Shaders/TMP_SDF-Mobile SSD	c8d12adcee749c344b8117cf7c7eb912	TextMesh Pro/Shaders/TMP_SDF-Mobile SSD.shader	0	0	1	USED
TextMesh Pro/Shaders/TMPro	407bc68d299748449bbf7f48ee690f8d	TextMesh Pro/Shaders/TMPro.cginc	0	0	1	USED
TextMesh Pro/Shaders/TMP_SDF-URP Unlit	124c112a6e8f1a54e8b0870e881b56d8	TextMesh Pro/Shaders/TMP_SDF-URP Unlit.shadergraph	0	0	1	USED
TextMesh Pro/Shaders/TMP_Bitmap-Custom-Atlas	48bb5f55d8670e349b6e614913f9d910	TextMesh Pro/Shaders/TMP_Bitmap-Custom-Atlas.shader	0	0	1	USED
TextMesh Pro/Shaders/TMP_SDF	68e6db2ebdc24f95958faec2be5558d6	TextMesh Pro/Shaders/TMP_SDF.shader	0	1	1	USED
TextMesh Pro/Sprites/EmojiOne	8f05276190cf498a8153f6cbe761d4e6	TextMesh Pro/Sprites/EmojiOne.json	0	0	1	USED
TextMesh Pro/Sprites/EmojiOne	dffef66376be4fa480fb02b19edbe903	TextMesh Pro/Sprites/EmojiOne.png	0	0	1	USED
TextMesh Pro/Sprites/EmojiOne Attribution	381dcb09d5029d14897e55f98031fca5	TextMesh Pro/Sprites/EmojiOne Attribution.txt	0	0	1	USED
TextMesh Pro/Fonts/SUIT-Medium	d92a76402e01bee479f8cb9c2891f537	TextMesh Pro/Fonts/SUIT-Medium.ttf	0	0	1	USED
TextMesh Pro/Fonts/SUIT-SemiBold	edde8fbdad25a944a80bdd400abc90f9	TextMesh Pro/Fonts/SUIT-SemiBold.ttf	0	0	1	USED
TextMesh Pro/Fonts/NanumPen SDF	72c46695792ec2d41b745a8edcef33f5	TextMesh Pro/Fonts/NanumPen SDF.asset	0	1	1	USED
TextMesh Pro/Fonts/SUIT-Light	3226b48ff2a8c3d45bda58411f8228c0	TextMesh Pro/Fonts/SUIT-Light.ttf	0	0	1	USED
TextMesh Pro/Fonts/SUIT-ExtraLight	cd4ad7dcd4c7a684a90481235c36ddeb	TextMesh Pro/Fonts/SUIT-ExtraLight.ttf	0	0	1	USED
TextMesh Pro/Fonts/SUIT-Medium SDF	c29c61909e8f5d74eb5b1cd692007b61	TextMesh Pro/Fonts/SUIT-Medium SDF.asset	0	1	1	USED
TextMesh Pro/Fonts/NotoSansKR-Regular SDF	934f29d5ab91b374384363e051688e07	TextMesh Pro/Fonts/NotoSansKR-Regular SDF.asset	0	0	1	USED
TextMesh Pro/Fonts/LiberationSans	e3265ab4bf004d28a9537516768c1c75	TextMesh Pro/Fonts/LiberationSans.ttf	0	0	1	USED
TextMesh Pro/Fonts/SUIT-SemiBold SDF	38ba2555d94a06043823f38a50cacd23	TextMesh Pro/Fonts/SUIT-SemiBold SDF.asset	0	1	1	USED
TextMesh Pro/Fonts/SUIT-Regular SDF	c78b298cb66dcfe48a4353be015c7322	TextMesh Pro/Fonts/SUIT-Regular SDF.asset	0	1	1	USED
TextMesh Pro/Fonts/SUIT-Heavy	0bfab368e7e9ed04da60e720dd868f52	TextMesh Pro/Fonts/SUIT-Heavy.ttf	0	0	1	USED
TextMesh Pro/Fonts/SUIT-Bold	257c44661b9ee7f4d8332baedb4204ef	TextMesh Pro/Fonts/SUIT-Bold.ttf	0	0	1	USED
TextMesh Pro/Fonts/SUIT-Thin	cc849869d9047e14c8d2bb2e1dbfb12d	TextMesh Pro/Fonts/SUIT-Thin.ttf	0	0	1	USED
TextMesh Pro/Fonts/SUIT-Regular	ed3d632c3b0ec064ea9d1b7eaba3b0ab	TextMesh Pro/Fonts/SUIT-Regular.ttf	0	0	1	USED
TextMesh Pro/Fonts/NanumPen	85577e54b9a5acd45a556ab67f9105c3	TextMesh Pro/Fonts/NanumPen.ttf	0	0	1	USED
TextMesh Pro/Fonts/SUIT-Heavy SDF	43413ff2c253baa46843326554592a10	TextMesh Pro/Fonts/SUIT-Heavy SDF.asset	0	0	1	USED
TextMesh Pro/Fonts/SUIT-Bold SDF	0545ace1e04104948bd80ac2267053bf	TextMesh Pro/Fonts/SUIT-Bold SDF.asset	0	1	1	USED
TextMesh Pro/Fonts/SUIT-Light SDF	f4205edfe45fc8e46b75985d06633282	TextMesh Pro/Fonts/SUIT-Light SDF.asset	0	0	1	USED
TextMesh Pro/Fonts/SUIT-Thin SDF	d7930c2f3cd6bd84ea9ee693b97c5fd6	TextMesh Pro/Fonts/SUIT-Thin SDF.asset	0	0	1	USED
TextMesh Pro/Fonts/NotoSansKR-Regular	4396a9591b9659848bbf7097cc967628	TextMesh Pro/Fonts/NotoSansKR-Regular.ttf	0	0	1	USED
TextMesh Pro/Fonts/SUIT-ExtraLight SDF	f54c7061d56c95a428e6fecb047dc3a4	TextMesh Pro/Fonts/SUIT-ExtraLight SDF.asset	0	0	1	USED
TextMesh Pro/Fonts/SUIT-ExtraBold SDF	eef61b4c320440a498e98c3160924009	TextMesh Pro/Fonts/SUIT-ExtraBold SDF.asset	0	0	1	USED
TextMesh Pro/Fonts/SUIT-ExtraBold	c44af9366cbf3f24db1c68081c64e265	TextMesh Pro/Fonts/SUIT-ExtraBold.ttf	0	0	1	USED
TextMesh Pro/Fonts/LiberationSans - OFL	6e59c59b81ab47f9b6ec5781fa725d2c	TextMesh Pro/Fonts/LiberationSans - OFL.txt	0	0	1	USED
driveAssets/		driveAssets/.DS_Store	0	0	0	UNUSED
driveAssets/art/ui/cooking/ui_speechBubble_default	7c7b2ccee5e0042a2bd97b1c27918f0b	driveAssets/art/ui/cooking/ui_speechBubble_default.png	0	0	0	UNUSED
driveAssets/art/ui/cooking/ui_speechBubble	8a9c2a5c51a3e4e3bbf9c46b1689c0e4	driveAssets/art/ui/cooking/ui_speechBubble.png	0	0	0	UNUSED
driveAssets/art/ui/		driveAssets/art/ui/.DS_Store	0	0	0	UNUSED
driveAssets/art/ui/general/ui_button	f24f7b85678914384bcfc90356d343a4	driveAssets/art/ui/general/ui_button.png	0	1	0	USED
driveAssets/art/ui/general/ui_clock	6a231f6770517457c96da426c955738f	driveAssets/art/ui/general/ui_clock.png	0	0	0	UNUSED
driveAssets/art/ui/general/ui_cell	d4127a866d3484ed08e893e25ec894db	driveAssets/art/ui/general/ui_cell.png	0	0	0	UNUSED
driveAssets/art/ui/general/ui_timer	adefaa13d3c5e42d499d4366cbe2a178	driveAssets/art/ui/general/ui_timer.png	0	0	0	UNUSED
driveAssets/art/ui/general/ui_diary_default	f9afb07fc0a5d422e904cf4ecc987126	driveAssets/art/ui/general/ui_diary_default.png	0	0	0	UNUSED
driveAssets/art/ui/general/white_square	7b1369fd322134c5a874a5f7622e4775	driveAssets/art/ui/general/white_square.png	0	1	0	USED
driveAssets/art/ui/general/ui_checkbox_default	ce2facac17ce648bfa225bb1c19659f8	driveAssets/art/ui/general/ui_checkbox_default.png	0	0	0	UNUSED
driveAssets/art/ui/general/ui_settings	12589b48408db46c0909d441ed1e49ee	driveAssets/art/ui/general/ui_settings.png	0	0	0	UNUSED
driveAssets/art/ui/general/ui_sheet_default	a8e9a1408e21e4983a9eba6f657d1629	driveAssets/art/ui/general/ui_sheet_default.png	0	0	0	UNUSED
driveAssets/art/ui/general/ui_staminaIcon	64d7ff595b2b04db5bf79583407ba343	driveAssets/art/ui/general/ui_staminaIcon.png	0	0	0	UNUSED
driveAssets/art/ui/general/ui_indexTag	be00d9487648147ba882b89331eb661c	driveAssets/art/ui/general/ui_indexTag.png	0	0	0	UNUSED
driveAssets/art/ui/rounded_rect	c7e0cd674c8354742b03061acf8239e4	driveAssets/art/ui/rounded_rect.png	0	0	0	UNUSED
driveAssets/art/ui/minigame/ui_sauce_fill	49ef7931dfd784f8f9fabd1c7ffc2547	driveAssets/art/ui/minigame/ui_sauce_fill.png	0	0	0	UNUSED
driveAssets/art/ui/minigame/ui_mixingRod_default	8667723f2747048a794681bcca60c0e4	driveAssets/art/ui/minigame/ui_mixingRod_default.png	0	0	0	UNUSED
driveAssets/art/ui/minigame/ui_griddle_default	d807f283117b5430c9b3334597696c20	driveAssets/art/ui/minigame/ui_griddle_default.png	0	0	0	UNUSED
driveAssets/art/ui/minigame/ui_minigameResult_poor	8241feb9349b14ea491e1287ea1f45c2	driveAssets/art/ui/minigame/ui_minigameResult_poor.png	0	0	0	UNUSED
driveAssets/art/ui/minigame/ui_minigameResult_ok	8a45b87ee0b6b41488857bbab55590ac	driveAssets/art/ui/minigame/ui_minigameResult_ok.png	0	0	0	UNUSED
driveAssets/art/ui/minigame/ui_bowl_front	e71354f6c0c1e4103818d59279651043	driveAssets/art/ui/minigame/ui_bowl_front.png	0	0	0	UNUSED
driveAssets/art/ui/minigame/ui_mouse_default 1	4361f1ffd6a384678995fad0bfea0d73	driveAssets/art/ui/minigame/ui_mouse_default 1.png	0	0	0	UNUSED
driveAssets/art/ui/minigame/ui_square_default	fab2c4d676c234e95beea12992219a6d	driveAssets/art/ui/minigame/ui_square_default.png	0	0	0	UNUSED
driveAssets/art/ui/minigame/ui_minigameResult_fail	64691c0999832494bad8659b783d1ffd	driveAssets/art/ui/minigame/ui_minigameResult_fail.png	0	0	0	UNUSED
driveAssets/art/ui/minigame/ui_dotLine_default	ccb2cd44a37ca4296adbd7c3080d4d14	driveAssets/art/ui/minigame/ui_dotLine_default.png	0	0	0	UNUSED
driveAssets/art/ui/minigame/ui_minigameResult_great	ae00d3e3bad774336a422adda1bdacdb	driveAssets/art/ui/minigame/ui_minigameResult_great.png	0	0	0	UNUSED
driveAssets/art/ui/minigame/ui_keyButton_success	88167a786ee534107b5a4b7eddc87c59	driveAssets/art/ui/minigame/ui_keyButton_success.png	0	0	0	UNUSED
driveAssets/art/ui/minigame/ui_lowerArrow_default	a71435d5ed067434b88a45a46de6c62d	driveAssets/art/ui/minigame/ui_lowerArrow_default.png	0	0	0	UNUSED
driveAssets/art/ui/minigame/ui_upperArrow_pressed	6d6f393a9f59f4c62a2a106dd9a61737	driveAssets/art/ui/minigame/ui_upperArrow_pressed.png	0	0	0	UNUSED
driveAssets/art/ui/minigame/ui_spaceBar_default	4405f8be433814b2cb9057950abb123c	driveAssets/art/ui/minigame/ui_spaceBar_default.png	0	0	0	UNUSED
driveAssets/art/ui/minigame/ui_mouse_default	27c4d54053f1544c1b8076d536dae8d8	driveAssets/art/ui/minigame/ui_mouse_default.png	0	0	0	UNUSED
driveAssets/art/ui/minigame/ui_spaceBar_pressed	87ddbcb2572e04f379d1e36b23635a7a	driveAssets/art/ui/minigame/ui_spaceBar_pressed.png	0	0	0	UNUSED
driveAssets/art/ui/minigame/ui_keyButton_default	eb674f6e5176e437c87df1307ff93ca9	driveAssets/art/ui/minigame/ui_keyButton_default.png	0	0	0	UNUSED
driveAssets/art/ui/minigame/ui_upperArrow_default	cb715ea3a2b844d8e85a7d735195df84	driveAssets/art/ui/minigame/ui_upperArrow_default.png	0	0	0	UNUSED
driveAssets/art/ui/minigame/ui_lowerArrow_pressed	7d18b4977a1e34cf1bfc931294f8eba8	driveAssets/art/ui/minigame/ui_lowerArrow_pressed.png	0	0	0	UNUSED
driveAssets/art/ui/minigame/ui_sauce_empty	ce75229629c024f84a00b22b87ae8a0d	driveAssets/art/ui/minigame/ui_sauce_empty.png	0	0	0	UNUSED
driveAssets/art/ui/minigame/ui_bowl_back	500fea2c154be464aa8206d71a45fd50	driveAssets/art/ui/minigame/ui_bowl_back.png	0	0	0	UNUSED
driveAssets/art/ui/minigame/ui_knife_default	cc65a84e9f7244a5d8a80eeea196c6f7	driveAssets/art/ui/minigame/ui_knife_default.png	0	0	0	UNUSED
driveAssets/art/ui/minigame/ui_keyButton_failure	6103b5f63f9144e5fab1428bb2fadac8	driveAssets/art/ui/minigame/ui_keyButton_failure.png	0	0	0	UNUSED
driveAssets/art/ui/minigame/ui_minigameResult_perfect	830842d87e7f84b76a59ea775f035c17	driveAssets/art/ui/minigame/ui_minigameResult_perfect.png	0	0	0	UNUSED
driveAssets/art/ui/stats/ui_staminaGauge_frame	27ced7e526a2e40ef900914e908285f1	driveAssets/art/ui/stats/ui_staminaGauge_frame.png	0	0	0	UNUSED
driveAssets/art/ui/stats/ui_staminaGauge_severe	ae9d5af2162444acc93062c21f2eaf54	driveAssets/art/ui/stats/ui_staminaGauge_severe.png	0	0	0	UNUSED
driveAssets/art/ui/stats/ui_clock_frame	f4d29f561f9c840df8710f2259214db1	driveAssets/art/ui/stats/ui_clock_frame.png	0	0	0	UNUSED
driveAssets/art/ui/stats/ui_staminaGauge_fill	b9a129cae04d7456eb81cc84e649da90	driveAssets/art/ui/stats/ui_staminaGauge_fill.png	0	0	0	UNUSED
driveAssets/art/ui/stats/ui_clock_minute	7e217be1b57ac42c995204470d0d1aad	driveAssets/art/ui/stats/ui_clock_minute.png	0	0	0	UNUSED
driveAssets/art/ui/stats/ui_clock_hour	588f17bd5abac46d8b6742398499e5bc	driveAssets/art/ui/stats/ui_clock_hour.png	0	0	0	UNUSED
driveAssets/art/ui/stats/ui_staminaGauge_low	d4651c42251fe4d59becdf14b72d612f	driveAssets/art/ui/stats/ui_staminaGauge_low.png	0	0	0	UNUSED
driveAssets/art/obj/Cooking/obj_upperShelf	233145a6ce7de45259327b0d21970750	driveAssets/art/obj/Cooking/obj_upperShelf.png	0	1	0	USED
driveAssets/art/obj/Cooking/		driveAssets/art/obj/Cooking/.DS_Store	0	0	0	UNUSED
driveAssets/art/obj/Cooking/obj_lowerShelf_default	ec23d46f3f9ce4ac5811ca99b69a22ce	driveAssets/art/obj/Cooking/obj_lowerShelf_default.png	0	1	0	USED
driveAssets/art/obj/Cooking/obj_trashcan_default	0e5e88dd4127b448e81b1d61920dec4a	driveAssets/art/obj/Cooking/obj_trashcan_default.png	0	1	0	USED
driveAssets/art/obj/Cooking/obj_refrigeratorDoor_default	c189ae90ee211426e98cdf1ddf3b83ae	driveAssets/art/obj/Cooking/obj_refrigeratorDoor_default.png	0	1	0	USED
driveAssets/art/obj/Cooking/obj_refrigeratorDoor_indoor	9ceb95c39e4ca48559bb9f7f669241de	driveAssets/art/obj/Cooking/obj_refrigeratorDoor_indoor.png	0	1	0	USED
driveAssets/art/obj/Cooking/obj_induction_default	b7f36da5eefba407fbf6c1a96dac5047	driveAssets/art/obj/Cooking/obj_induction_default.png	0	1	0	USED
driveAssets/art/obj/		driveAssets/art/obj/.DS_Store	0	0	0	UNUSED
driveAssets/art/		driveAssets/art/.DS_Store	0	0	0	UNUSED
driveAssets/art/character/char_tempCustomer_full	56863949946da497abf485a99294afaa	driveAssets/art/character/char_tempCustomer_full.png	0	0	0	UNUSED
driveAssets/art/character/main_c	80e8ed1d9bbbe8f43a353293990990f4	driveAssets/art/character/main_c.png	0	1	0	USED
driveAssets/art/character/char_nimo_default	1071998672bf4469180c2c4e23a8cd90	driveAssets/art/character/char_nimo_default.jpg	0	0	0	UNUSED
driveAssets/art/character/char_lede_default	a7b136570851841bcaebfa5f1f822852	driveAssets/art/character/char_lede_default.jpg	0	0	0	UNUSED
driveAssets/art/character/char_tempCustomer_pain	e8d6905f1eb424a0ebeb978f28add38b	driveAssets/art/character/char_tempCustomer_pain.jpg	0	0	0	UNUSED
driveAssets/art/character/char_tempCustomer_golem	01901e073c90545a0a2aab11cfed341f	driveAssets/art/character/char_tempCustomer_golem.jpg	0	0	0	UNUSED
driveAssets/art/character/char_tempCustomer_fishman	9e25fb68e8de2479496dda36f4744015	driveAssets/art/character/char_tempCustomer_fishman.jpg	0	0	0	UNUSED
driveAssets/art/character/char_jar_default	ee025155f3b484cffa40ad9169c4d79e	driveAssets/art/character/char_jar_default.jpg	0	0	0	UNUSED
driveAssets/art/character/char_gabriel_default	afc797b192b0c48879e1fa904d328878	driveAssets/art/character/char_gabriel_default.jpg	0	0	0	UNUSED
driveAssets/art/character/char_tempCustomer_lizard	4ddc6500813324939aa898dc9edaea40	driveAssets/art/character/char_tempCustomer_lizard.jpg	0	0	0	UNUSED
driveAssets/art/character/char_moai_default	2b4e9a738a7a74b95bd9cc7d74741444	driveAssets/art/character/char_moai_default.jpg	0	0	0	UNUSED
driveAssets/art/character/char_pajama_default	138b1d8c428ff40ea99d34d05ea2f351	driveAssets/art/character/char_pajama_default.jpg	0	0	0	UNUSED
driveAssets/art/character/char_sranya_default	fd393be2ba9a64131a45676fa267eec6	driveAssets/art/character/char_sranya_default.jpg	0	0	0	UNUSED
driveAssets/art/character/char_getoro_default	b8f97c09ec4a64d8daaad6cf88b58969	driveAssets/art/character/char_getoro_default.jpg	0	0	0	UNUSED
driveAssets/art/item/cooking/		driveAssets/art/item/cooking/.DS_Store	0	0	0	UNUSED
driveAssets/art/item/cooking/food/item_luminousSyrup_bowl	a21c4b102f49d4e3ebad4806403ed4df	driveAssets/art/item/cooking/food/item_luminousSyrup_bowl.png	0	0	1	USED
driveAssets/art/item/cooking/food/item_dawnSoupBase_raw	d65a4ba67a70e4ba48de8b627ceafc41	driveAssets/art/item/cooking/food/item_dawnSoupBase_raw.png	0	0	1	USED
driveAssets/art/item/cooking/food/item_grilledArtificialMeat_raw	2b07001dcaa4c4b45bb9a1c2cc42d954	driveAssets/art/item/cooking/food/item_grilledArtificialMeat_raw.png	0	0	1	USED
driveAssets/art/item/cooking/food/item_grilledWindBean_raw	a7ece5e8119dc42569e84115ab95daa0	driveAssets/art/item/cooking/food/item_grilledWindBean_raw.png	0	0	1	USED
driveAssets/art/item/cooking/food/item_steelRoot_pan	7d979d36477b74e878b7f8632c2c530d	driveAssets/art/item/cooking/food/item_steelRoot_pan.png	0	0	1	USED
driveAssets/art/item/cooking/food/item_dawnHerb_raw	ae98d61c8372e4b948005e6e78ea08e6	driveAssets/art/item/cooking/food/item_dawnHerb_raw.png	0	0	1	USED
driveAssets/art/item/cooking/food/item_neonSalad_bento_left	a681c83a72b7e478faa542b88afafce2	driveAssets/art/item/cooking/food/item_neonSalad_bento_left.png	0	0	1	USED
driveAssets/art/item/cooking/food/item_powerRoomSkewer_pan	2b904e2f1c537463b94d0b991a06aa59	driveAssets/art/item/cooking/food/item_powerRoomSkewer_pan.png	0	0	1	USED
driveAssets/art/item/cooking/food/item_pickledSeaweed_raw	2acb23c5113424c24af9c56df52dc53b	driveAssets/art/item/cooking/food/item_pickledSeaweed_raw.png	0	0	1	USED
driveAssets/art/item/cooking/food/item_lumiLeaf_bowl	c52c99d415a2c44348cefc5dbb93c4c2	driveAssets/art/item/cooking/food/item_lumiLeaf_bowl.png	0	0	1	USED
driveAssets/art/item/cooking/food/item_ventGrilledSalmon_bento_right	704909d7dc17d440481a991450dd65f4	driveAssets/art/item/cooking/food/item_ventGrilledSalmon_bento_right.png	0	0	1	USED
driveAssets/art/item/cooking/food/item_greenOnion_bowl	172ab01870cb04780a259209b76dd1f9	driveAssets/art/item/cooking/food/item_greenOnion_bowl.png	0	0	1	USED
driveAssets/art/item/cooking/food/item_tofu_raw	a95c573f8f4d0436780350401a56a7b5	driveAssets/art/item/cooking/food/item_tofu_raw.png	0	0	1	USED
driveAssets/art/item/cooking/food/item_blackDoenjang_raw	e4b07603f9bbc44f4bee83765313f302	driveAssets/art/item/cooking/food/item_blackDoenjang_raw.png	0	0	1	USED
driveAssets/art/item/cooking/food/item_blackSesame_raw	ce8b82f90afa544969fa3d0368226110	driveAssets/art/item/cooking/food/item_blackSesame_raw.png	0	0	1	USED
driveAssets/art/item/cooking/food/item_boiledWheatNoodles_pot	cde82e0fd2033417b83871fde611e642	driveAssets/art/item/cooking/food/item_boiledWheatNoodles_pot.png	0	0	1	USED
driveAssets/art/item/cooking/food/item_lumiLeaf_pan	03ebe1aea8e1c456ba6dc681c8791957	driveAssets/art/item/cooking/food/item_lumiLeaf_pan.png	0	0	1	USED
driveAssets/art/item/cooking/food/item_luminousSyrup_raw	fdf0b4acda2844e0f80337c3f73e4c95	driveAssets/art/item/cooking/food/item_luminousSyrup_raw.png	0	0	1	USED
driveAssets/art/item/cooking/food/item_neonSalad_bowl	da539efaea727409ebeb206caf18868d	driveAssets/art/item/cooking/food/item_neonSalad_bowl.png	0	0	1	USED
driveAssets/art/item/cooking/food/item_lumiJelly_bowl	1a4db439907854093b6da3a259c72594	driveAssets/art/item/cooking/food/item_lumiJelly_bowl.png	0	0	1	USED
driveAssets/art/item/cooking/food/item_squidInk_bowl	aa236706cf3bb4134bb430a5b305471e	driveAssets/art/item/cooking/food/item_squidInk_bowl.png	0	0	1	USED
driveAssets/art/item/cooking/food/item_lumiEgg_raw	946712ef25ef0459c95e06f858909d2d	driveAssets/art/item/cooking/food/item_lumiEgg_raw.png	0	0	1	USED
driveAssets/art/item/cooking/food/item_neonSalad_bento_right	eb180023c8bd7410888c3020fa89366e	driveAssets/art/item/cooking/food/item_neonSalad_bento_right.png	0	0	1	USED
driveAssets/art/item/cooking/food/item_soyCoatedRice_bowl	03dc95c39fe784f999ea077437ddc5f3	driveAssets/art/item/cooking/food/item_soyCoatedRice_bowl.png	0	0	1	USED
driveAssets/art/item/cooking/food/item_artificialMeatSteak_plate	d269e13f2dbd248808d5e84721f5fb6a	driveAssets/art/item/cooking/food/item_artificialMeatSteak_plate.png	0	0	1	USED
driveAssets/art/item/cooking/food/item_windBean_pan	93425e50059e8493db5d0b93956799ff	driveAssets/art/item/cooking/food/item_windBean_pan.png	0	0	1	USED
driveAssets/art/item/cooking/food/item_choppedInsulatingMushroom_cut	cc6bff079dc21433e89e207abcbf6a35	driveAssets/art/item/cooking/food/item_choppedInsulatingMushroom_cut.png	0	0	1	USED
driveAssets/art/item/cooking/food/item_squidInk_raw	5ae9cb2325b334ddb968d5cabe2b5d96	driveAssets/art/item/cooking/food/item_squidInk_raw.png	0	0	1	USED
driveAssets/art/item/cooking/food/item_ventGrilledSalmon_bento_left	d917c6c1876764bc8a526518cbc7cca3	driveAssets/art/item/cooking/food/item_ventGrilledSalmon_bento_left.png	0	0	1	USED
driveAssets/art/item/cooking/food/		driveAssets/art/item/cooking/food/.DS_Store	1	0	1	USED
driveAssets/art/item/cooking/food/item_foodWaste_bowl	ecf9cf9004bce426a8d3b52865b4c372	driveAssets/art/item/cooking/food/item_foodWaste_bowl.png	0	0	1	USED
driveAssets/art/item/cooking/food/item_powerRoomSkewer_bento_right	6833de013e165433eb9334cb7cc81853	driveAssets/art/item/cooking/food/item_powerRoomSkewer_bento_right.png	0	0	1	USED
driveAssets/art/item/cooking/food/item_brassSalt_raw	389cc97049317427887164a241ce9c90	driveAssets/art/item/cooking/food/item_brassSalt_raw.png	0	0	1	USED
driveAssets/art/item/cooking/food/item_shrimpOilBase_pan	ded952039cb1f4dfe9c7111ba95eaf4d	driveAssets/art/item/cooking/food/item_shrimpOilBase_pan.png	0	0	1	USED
driveAssets/art/item/cooking/food/item_foodWaste_plate	6ff17740817654447ae843f1c133c99a	driveAssets/art/item/cooking/food/item_foodWaste_plate.png	0	0	1	USED
driveAssets/art/item/cooking/food/item_blackSesame_bowl	4f90fa5e8beb4424785b1b377e67a147	driveAssets/art/item/cooking/food/item_blackSesame_bowl.png	0	0	1	USED
driveAssets/art/item/cooking/food/item_seasonedSalmon_bowl	6897032f071f34650a4482afb585c499	driveAssets/art/item/cooking/food/item_seasonedSalmon_bowl.png	0	0	1	USED
driveAssets/art/item/cooking/food/item_boiledWheatNoodles_pan	389749585aaaa4538ad0884f3a525f50	driveAssets/art/item/cooking/food/item_boiledWheatNoodles_pan.png	0	0	1	USED
driveAssets/art/item/cooking/food/item_eggplant_raw	c1eaaabd35c024ec5914120e651fe3bd	driveAssets/art/item/cooking/food/item_eggplant_raw.png	0	0	1	USED
driveAssets/art/item/cooking/food/item_lightTomato_pan	f695fe1b4eed8428b814f2a69b05e21b	driveAssets/art/item/cooking/food/item_lightTomato_pan.png	0	0	1	USED
driveAssets/art/item/cooking/food/item_dicedArtificialMeat_pan	24326c03733764049b4020da59f86389	driveAssets/art/item/cooking/food/item_dicedArtificialMeat_pan.png	0	0	1	USED
driveAssets/art/item/cooking/food/item_artificialMeat_plate	aae27bcda49804e1eb1583d637bb1486	driveAssets/art/item/cooking/food/item_artificialMeat_plate.png	0	0	1	USED
driveAssets/art/item/cooking/food/item_artificialSalmon_bowl	6c4f841b31ede4c8194b9d9fd477d60a	driveAssets/art/item/cooking/food/item_artificialSalmon_bowl.png	0	0	1	USED
driveAssets/art/item/cooking/food/item_guryongNoodles_pan	0daff23dc0cbe40168e0f6ca7707aae3	driveAssets/art/item/cooking/food/item_guryongNoodles_pan.png	0	0	1	USED
driveAssets/art/item/cooking/food/item_artificialMeat_piece	ad4d2b217bcdb4651b364fab80a37ac7	driveAssets/art/item/cooking/food/item_artificialMeat_piece.png	0	0	1	USED
driveAssets/art/item/cooking/food/item_grilledSteelRoot_pan	4be566f63aa5a4238ae58e275f7b74e4	driveAssets/art/item/cooking/food/item_grilledSteelRoot_pan.png	0	0	1	USED
driveAssets/art/item/cooking/food/item_jangSauce_bowl	07081d7083b5d408e97ce1c66d062ab7	driveAssets/art/item/cooking/food/item_jangSauce_bowl.png	0	0	1	USED
driveAssets/art/item/cooking/food/item_gochujang_bowl	7cebe79221ed34f5ea2b385989988362	driveAssets/art/item/cooking/food/item_gochujang_bowl.png	0	0	1	USED
driveAssets/art/item/cooking/food/item_onion_pan	be85ccf7c7314427f85005b0c8a2ebf5	driveAssets/art/item/cooking/food/item_onion_pan.png	0	0	1	USED
driveAssets/art/item/cooking/food/item_gochujang_raw	23b04ecdf4f5a4b088b96b28066297b3	driveAssets/art/item/cooking/food/item_gochujang_raw.png	0	0	1	USED
driveAssets/art/item/cooking/food/item_jangSauce_pan	ba00a5224019842f6b3823207702fd86	driveAssets/art/item/cooking/food/item_jangSauce_pan.png	0	0	1	USED
driveAssets/art/item/cooking/food/item_dicedArtificialMeat_cut	498a506808504444191620d6684bbde1	driveAssets/art/item/cooking/food/item_dicedArtificialMeat_cut.png	0	0	1	USED
driveAssets/art/item/cooking/food/item_lightTomato_bowl	344fd8870102745fa8e7c057afa10ad0	driveAssets/art/item/cooking/food/item_lightTomato_bowl.png	0	0	1	USED
driveAssets/art/item/cooking/food/item_wheatNoodles_pot	a065394e64e0a4dc2af81b98d5faa34b	driveAssets/art/item/cooking/food/item_wheatNoodles_pot.png	0	0	1	USED
driveAssets/art/item/cooking/food/item_seasonedSalmon_pan	433ad65497496426e9b4a1b8a4928b6c	driveAssets/art/item/cooking/food/item_seasonedSalmon_pan.png	0	0	1	USED
driveAssets/art/item/cooking/food/item_artificialSalmon_raw	0a6ffb835683c466991174b702e072a2	driveAssets/art/item/cooking/food/item_artificialSalmon_raw.png	0	0	1	USED
driveAssets/art/item/cooking/food/item_ventGrilledSalmon_raw	bca42139eabaf441f8a7284a66b2cb1d	driveAssets/art/item/cooking/food/item_ventGrilledSalmon_raw.png	0	0	1	USED
driveAssets/art/item/cooking/food/item_dawnSoup_bento	fa2aad944839a4635aab821730e463ae	driveAssets/art/item/cooking/food/item_dawnSoup_bento.png	0	0	1	USED
driveAssets/art/item/cooking/food/item_foodWaste_raw	00c36282f1c9846ea90286de42ba1e0d	driveAssets/art/item/cooking/food/item_foodWaste_raw.png	0	0	1	USED
driveAssets/art/item/cooking/food/item_water_pot	5a8541a7fcbdc4313a7d456a0b3fd335	driveAssets/art/item/cooking/food/item_water_pot.png	0	0	1	USED
driveAssets/art/item/cooking/food/item_seaweedBroth_raw	2d7efc681b5bf4d0f857c9b19bc53e2c	driveAssets/art/item/cooking/food/item_seaweedBroth_raw.png	0	0	1	USED
driveAssets/art/item/cooking/food/item_caramelTopping_pan	d0f83f04b81a84d548fea90fc1cdb21f	driveAssets/art/item/cooking/food/item_caramelTopping_pan.png	0	0	1	USED
driveAssets/art/item/cooking/food/item_soyCoatedRice_plate	e223f538a6dca44c499ee457efd1ca0a	driveAssets/art/item/cooking/food/item_soyCoatedRice_plate.png	0	0	1	USED
driveAssets/art/item/cooking/food/item_insulatingMushroom_pot	de4ec0b31736f46fdbcfa61859dcb287	driveAssets/art/item/cooking/food/item_insulatingMushroom_pot.png	0	0	1	USED
driveAssets/art/item/cooking/food/item_artificialMeat_cut	ac18fa91cfc2245acba65d37d1f12683	driveAssets/art/item/cooking/food/item_artificialMeat_cut.png	0	0	1	USED
driveAssets/art/item/cooking/food/item_lumiGelBase_bowl	c9b93b24d31224c5eac7d1913e9581d3	driveAssets/art/item/cooking/food/item_lumiGelBase_bowl.png	0	0	1	USED
driveAssets/art/item/cooking/food/item_saladBase_bowl	b8a1dc34ebdde46e9aded254c5e640eb	driveAssets/art/item/cooking/food/item_saladBase_bowl.png	0	0	1	USED
driveAssets/art/item/cooking/food/item_driedAnchovy_raw	cda0fffa195c64b8db07e43c11c397b7	driveAssets/art/item/cooking/food/item_driedAnchovy_raw.png	0	0	1	USED
driveAssets/art/item/cooking/food/item_newspaper_plate	24324fafabd5b42d5b0981677df0ecdc	driveAssets/art/item/cooking/food/item_newspaper_plate.png	0	0	1	USED
driveAssets/art/item/cooking/food/item_darkSoy_pan	694f619faa60a4d6da8842783a70bd1f	driveAssets/art/item/cooking/food/item_darkSoy_pan.png	0	0	1	USED
driveAssets/art/item/cooking/food/item_blackRice_pot	e313d0e351f8143248f6d36e81925357	driveAssets/art/item/cooking/food/item_blackRice_pot.png	0	0	1	USED
driveAssets/art/item/cooking/food/item_omeletteBase_raw	a914fa407bbea4849b78ca0719d3d0c8	driveAssets/art/item/cooking/food/item_omeletteBase_raw.png	0	0	1	USED
driveAssets/art/item/cooking/food/item_lumiJelly_bento_left	f2a55f5d67e2f47109312d36b29ab388	driveAssets/art/item/cooking/food/item_lumiJelly_bento_left.png	0	0	1	USED
driveAssets/art/item/cooking/food/item_skewerSet_bowl	1e103498899744da0ab0d738423b7c18	driveAssets/art/item/cooking/food/item_skewerSet_bowl.png	0	0	1	USED
driveAssets/art/item/cooking/food/item_rooftopOmelette_pan	6ab7cad5b85ff4f8d9de0285f6928ef4	driveAssets/art/item/cooking/food/item_rooftopOmelette_pan.png	0	0	1	USED
driveAssets/art/item/cooking/food/item_machineRoomMeatSet_raw	4c216568bd479438d88cfccd311b8f8f	driveAssets/art/item/cooking/food/item_machineRoomMeatSet_raw.png	0	0	1	USED
driveAssets/art/item/cooking/food/item_moonRoot_raw	6ba2a56621d6c445694509c23c3356b7	driveAssets/art/item/cooking/food/item_moonRoot_raw.png	0	0	1	USED
driveAssets/art/item/cooking/food/item_driedShrimp_raw	1c9f0db681c294ad4a1fed5d1d4ae2e0	driveAssets/art/item/cooking/food/item_driedShrimp_raw.png	0	0	1	USED
driveAssets/art/item/cooking/food/item_abandonedBuildingRiceBall_bento	1e187dec6d40a4ff5a8b1c8e25e52178	driveAssets/art/item/cooking/food/item_abandonedBuildingRiceBall_bento.png	0	0	1	USED
driveAssets/art/item/cooking/food/item_smokeLeafButter_bowl	6355bec2c72bb49f7b059dd88643b5d3	driveAssets/art/item/cooking/food/item_smokeLeafButter_bowl.png	0	0	1	USED
driveAssets/art/item/cooking/food/item_insulatingMushroom_bowl	6e3d694412ef840db990b8b673a01c76	driveAssets/art/item/cooking/food/item_insulatingMushroom_bowl.png	0	0	1	USED
driveAssets/art/item/cooking/food/item_skewerSet_pan	831454ec42f9240afbac635917cd21ac	driveAssets/art/item/cooking/food/item_skewerSet_pan.png	0	0	1	USED
driveAssets/art/item/cooking/food/item_dawnSoup_pot	c102df7f5660d42ee9d093ba76a76b4c	driveAssets/art/item/cooking/food/item_dawnSoup_pot.png	0	0	1	USED
driveAssets/art/item/cooking/food/item_artificialMeatSteak_raw	b36c20e9887eb49caa3bd27faabdd2e8	driveAssets/art/item/cooking/food/item_artificialMeatSteak_raw.png	0	0	1	USED
driveAssets/art/item/cooking/food/item_insulatingMushroom_cut	2ee81b9bcac95473da84474e4d714a70	driveAssets/art/item/cooking/food/item_insulatingMushroom_cut.png	0	0	1	USED
driveAssets/art/item/cooking/food/item_newspaper_raw	24183ec6b1060474b8d2500747224695	driveAssets/art/item/cooking/food/item_newspaper_raw.png	0	0	1	USED
driveAssets/art/item/cooking/food/item_abandonedBuildingRiceBall_plate	eeaf576ff0123415dad1ccaa49c62343	driveAssets/art/item/cooking/food/item_abandonedBuildingRiceBall_plate.png	0	0	1	USED
driveAssets/art/item/cooking/food/item_blackRiceBowl_raw	5c3dd60237b4d4dd6b6b7c45811177ee	driveAssets/art/item/cooking/food/item_blackRiceBowl_raw.png	0	0	1	USED
driveAssets/art/item/cooking/food/item_lumiGelBase_pot	fa8415910e8dc4ce3bc24b51b2446e25	driveAssets/art/item/cooking/food/item_lumiGelBase_pot.png	0	0	1	USED
driveAssets/art/item/cooking/food/item_azureOil_pan	3cb052a9c1d4b437eb4d9ca421d54924	driveAssets/art/item/cooking/food/item_azureOil_pan.png	0	0	1	USED
driveAssets/art/item/cooking/food/item_smokeLeafButter_plate	1396d6eb1a6c64b1ea296c504a9c4b3e	driveAssets/art/item/cooking/food/item_smokeLeafButter_plate.png	0	0	1	USED
driveAssets/art/item/cooking/food/item_paprika_raw	5ab41bf140f6e42b3ad07308134502ae	driveAssets/art/item/cooking/food/item_paprika_raw.png	0	0	1	USED
driveAssets/art/item/cooking/food/item_ventGrilledSalmon_bento_middle	22e71b1a960184cef9f4a5b402fe692a	driveAssets/art/item/cooking/food/item_ventGrilledSalmon_bento_middle.png	0	0	1	USED
driveAssets/art/item/cooking/food/item_garlic_raw	44fbd87ff0b0a40e78a35c8a362c903f	driveAssets/art/item/cooking/food/item_garlic_raw.png	0	0	1	USED
driveAssets/art/item/cooking/food/item_saladBase_raw	a340a51c0e08a4b688dd96796519d8c1	driveAssets/art/item/cooking/food/item_saladBase_raw.png	0	0	1	USED
driveAssets/art/item/cooking/food/item_electricFlower_bowl	6735ed1c15ed146e3bd4d4714dc7f38a	driveAssets/art/item/cooking/food/item_electricFlower_bowl.png	0	0	1	USED
driveAssets/art/item/cooking/food/item_neonSalad_raw	f61fed5f2a86d4050a0e618173025bfd	driveAssets/art/item/cooking/food/item_neonSalad_raw.png	0	0	1	USED
driveAssets/art/item/cooking/food/item_garlic_pan	6a30793b6cd164d0eb8254bcc87c3734	driveAssets/art/item/cooking/food/item_garlic_pan.png	0	0	1	USED
driveAssets/art/item/cooking/food/item_blackRice_raw	0087801e3ac844daead57b93c90c1643	driveAssets/art/item/cooking/food/item_blackRice_raw.png	0	0	1	USED
driveAssets/art/item/cooking/food/item_rooftopOmelette_bento	c7f660efa35324ec7ba39789294dcb0a	driveAssets/art/item/cooking/food/item_rooftopOmelette_bento.png	0	0	1	USED
driveAssets/art/item/cooking/food/item_driedShrimp_pan	5db1da1934d7741119507191210a85dc	driveAssets/art/item/cooking/food/item_driedShrimp_pan.png	0	0	1	USED
driveAssets/art/item/cooking/food/item_moonRoot_pan	6d8db6621411d4478807c89e49535b23	driveAssets/art/item/cooking/food/item_moonRoot_pan.png	0	0	1	USED
driveAssets/art/item/cooking/food/item_skewerSet_raw	a00e01fb3f6074067a200ccc236ec873	driveAssets/art/item/cooking/food/item_skewerSet_raw.png	0	0	1	USED
driveAssets/art/item/cooking/food/item_water_raw	f1ec6822533314cee9794f7b6805930f	driveAssets/art/item/cooking/food/item_water_raw.png	0	0	1	USED
driveAssets/art/item/cooking/food/item_foodWaste_pot	fcd044b7c24e7435693acbaad72c6479	driveAssets/art/item/cooking/food/item_foodWaste_pot.png	0	0	1	USED
driveAssets/art/item/cooking/food/item_eggplant_bowl	ffe3e8da2025246508f01e9abf0b7713	driveAssets/art/item/cooking/food/item_eggplant_bowl.png	0	0	1	USED
driveAssets/art/item/cooking/food/item_newspaper_pan	e896ba0ea097e40cea088d9081c61737	driveAssets/art/item/cooking/food/item_newspaper_pan.png	0	0	1	USED
driveAssets/art/item/cooking/food/item_greenOnion_raw	3d04bc952aa204831862e9d070859b7a	driveAssets/art/item/cooking/food/item_greenOnion_raw.png	0	0	1	USED
driveAssets/art/item/cooking/food/item_seaweedBroth_pot	37b6208f726b548ebb50605f5afa9557	driveAssets/art/item/cooking/food/item_seaweedBroth_pot.png	0	0	1	USED
driveAssets/art/item/cooking/food/item_azureOil_raw	162e148d9368f4b4380c5d437314dd67	driveAssets/art/item/cooking/food/item_azureOil_raw.png	0	0	1	USED
driveAssets/art/item/cooking/food/item_insulatingMushroom_raw	720b27fc6ab154ef4955bcb9b411f4dc	driveAssets/art/item/cooking/food/item_insulatingMushroom_raw.png	0	0	1	USED
driveAssets/art/item/cooking/food/item_soyCoatedRice_raw	8cab96d38eac54a9a84db0ea74f3ccd5	driveAssets/art/item/cooking/food/item_soyCoatedRice_raw.png	0	0	1	USED
driveAssets/art/item/cooking/food/item_driedAnchovy_bowl	4c06be3ba8b364416a29cf3515b5ed2d	driveAssets/art/item/cooking/food/item_driedAnchovy_bowl.png	0	0	1	USED
driveAssets/art/item/cooking/food/item_omeletteBase_pan	7bb0dc2bbd017426d8e564a0ba1de72e	driveAssets/art/item/cooking/food/item_omeletteBase_pan.png	0	0	1	USED
driveAssets/art/item/cooking/food/item_darkSoy_raw	cfa0f6491dfe34c35bef7f9f5e0f94c3	driveAssets/art/item/cooking/food/item_darkSoy_raw.png	0	0	1	USED
driveAssets/art/item/cooking/food/item_lumiJelly_bento_right	8a710a46ec16f4f1aadc4ce5bbed9e4d	driveAssets/art/item/cooking/food/item_lumiJelly_bento_right.png	0	0	1	USED
driveAssets/art/item/cooking/food/item_machineRoomMeatSet_pan	9ecc2509a1ea842ea8ec448da11bddd5	driveAssets/art/item/cooking/food/item_machineRoomMeatSet_pan.png	0	0	1	USED
driveAssets/art/item/cooking/food/item_rooftopOmelette_raw	cb6afd4c6f4dd415ca672248c846fe16	driveAssets/art/item/cooking/food/item_rooftopOmelette_raw.png	0	0	1	USED
driveAssets/art/item/cooking/food/item_streetSteak49_raw	22b2e105927174cae9df992375499f43	driveAssets/art/item/cooking/food/item_streetSteak49_raw.png	0	0	1	USED
driveAssets/art/item/cooking/food/item_grilledWindBean_bowl	6fc24aca5ac8b44bf982d54b38c43a3f	driveAssets/art/item/cooking/food/item_grilledWindBean_bowl.png	0	0	1	USED
driveAssets/art/item/cooking/food/item_seasonedSalmon_raw	32ccf0bcf96c74765acd454836442a2e	driveAssets/art/item/cooking/food/item_seasonedSalmon_raw.png	0	0	1	USED
driveAssets/art/item/cooking/food/item_dawnSoup_raw	f1f405b88fc0c482298e5b7d8784da65	driveAssets/art/item/cooking/food/item_dawnSoup_raw.png	0	0	1	USED
driveAssets/art/item/cooking/food/item_artificialMeat_raw	199f8d6e1792b472badf39f5fb340c12	driveAssets/art/item/cooking/food/item_artificialMeat_raw.png	0	0	1	USED
driveAssets/art/item/cooking/food/item_insulatingMushroom_piece	3bb71d1ffdfb04a7dbf54eaa9f3b1752	driveAssets/art/item/cooking/food/item_insulatingMushroom_piece.png	0	0	1	USED
driveAssets/art/item/cooking/food/item_ventGrilledSalmon_pan	9f152cd5f46974c7791857594c1b4df1	driveAssets/art/item/cooking/food/item_ventGrilledSalmon_pan.png	0	0	1	USED
driveAssets/art/item/cooking/food/item_foodWaste_pan	116d0619b71c0471f99d4cd4806ebe51	driveAssets/art/item/cooking/food/item_foodWaste_pan.png	0	0	1	USED
driveAssets/art/item/cooking/food/item_caramelTopping_raw	dd4c5c8b3e9fa4d4d83093ec96a099c4	driveAssets/art/item/cooking/food/item_caramelTopping_raw.png	0	0	1	USED
driveAssets/art/item/cooking/food/item_lumiJelly_raw	f13190ae82745452bbbba69fe14d2c59	driveAssets/art/item/cooking/food/item_lumiJelly_raw.png	0	0	1	USED
driveAssets/art/item/cooking/food/item_blackRiceBowl_pot	5a4b5782dd0964be08df7430b00737aa	driveAssets/art/item/cooking/food/item_blackRiceBowl_pot.png	0	0	1	USED
driveAssets/art/item/cooking/food/item_lumiGelBase_raw	abf29a9650d8840c18c2605252f968df	driveAssets/art/item/cooking/food/item_lumiGelBase_raw.png	0	0	1	USED
driveAssets/art/item/cooking/food/item_foodWaste_cut	41c6acd748ac44bc5ac56610a74e0ab5	driveAssets/art/item/cooking/food/item_foodWaste_cut.png	0	0	1	USED
driveAssets/art/item/cooking/food/item_abandonedBuildingRiceBall_raw	bd546d55da2e14ba8bf1c720ec9c00b8	driveAssets/art/item/cooking/food/item_abandonedBuildingRiceBall_raw.png	0	0	1	USED
driveAssets/art/item/cooking/food/item_tofu_pot	e11dce648e1704d69a38be51770230d2	driveAssets/art/item/cooking/food/item_tofu_pot.png	0	0	1	USED
driveAssets/art/item/cooking/food/item_triangleRice_bowl	cad658e9444df43228aec5c407e0f2dc	driveAssets/art/item/cooking/food/item_triangleRice_bowl.png	0	0	1	USED
driveAssets/art/item/cooking/food/item_mussel_raw	92aeaa8c5e071403ba3bf60aa1c215cb	driveAssets/art/item/cooking/food/item_mussel_raw.png	0	0	1	USED
driveAssets/art/item/cooking/food/item_dicedArtificialMeat_raw	37a99685915984d9f8bb88735c47014e	driveAssets/art/item/cooking/food/item_dicedArtificialMeat_raw.png	0	0	1	USED
driveAssets/art/item/cooking/food/item_lightTomato_raw	4e81d6487e836439b98f05410f280ed7	driveAssets/art/item/cooking/food/item_lightTomato_raw.png	0	0	1	USED
driveAssets/art/item/cooking/food/item_onion_raw	b6756a62bcc074cf48b655cfb064ff99	driveAssets/art/item/cooking/food/item_onion_raw.png	0	0	1	USED
driveAssets/art/item/cooking/food/item_guryongNoodles_raw	c4a18424281dd4d43aa54917b6c5a855	driveAssets/art/item/cooking/food/item_guryongNoodles_raw.png	0	0	1	USED
driveAssets/art/item/cooking/food/item_lumiEgg_pot	5413b5af0a58e4f539fcf15c9c3e4242	driveAssets/art/item/cooking/food/item_lumiEgg_pot.png	0	0	1	USED
driveAssets/art/item/cooking/food/item_neonSalad_bento_middle	98ca17401cd78432390e6d339d97ac56	driveAssets/art/item/cooking/food/item_neonSalad_bento_middle.png	0	0	1	USED
driveAssets/art/item/cooking/food/item_jangSauce_raw	048d6623bc7e041c5a20507663b04339	driveAssets/art/item/cooking/food/item_jangSauce_raw.png	0	0	1	USED
driveAssets/art/item/cooking/food/item_triangleRice_raw	adfe43aab907349749f92f80b88e8400	driveAssets/art/item/cooking/food/item_triangleRice_raw.png	0	0	1	USED
driveAssets/art/item/cooking/food/item_dawnSoupBase_pot	6c79141acda2441598512467e555830d	driveAssets/art/item/cooking/food/item_dawnSoupBase_pot.png	0	0	1	USED
driveAssets/art/item/cooking/food/item_choppedInsulatingMushroom_bowl	3252193aac10e43d6a598a588e848033	driveAssets/art/item/cooking/food/item_choppedInsulatingMushroom_bowl.png	0	0	1	USED
driveAssets/art/item/cooking/food/item_syntheticChicken_raw	fb90be561359142d18331a5b82343bbe	driveAssets/art/item/cooking/food/item_syntheticChicken_raw.png	0	0	1	USED
driveAssets/art/item/cooking/food/item_windBean_raw	91bf69d172f4241ba9af1480ed591269	driveAssets/art/item/cooking/food/item_windBean_raw.png	0	0	1	USED
driveAssets/art/item/cooking/food/item_streetSteak49_bento	1ca3ea4974b85466b80a6f9cd2838101	driveAssets/art/item/cooking/food/item_streetSteak49_bento.png	0	0	1	USED
driveAssets/art/item/cooking/food/item_lemon_raw	9a8edf2c21a5f47f9971a3020012387b	driveAssets/art/item/cooking/food/item_lemon_raw.png	0	0	1	USED
driveAssets/art/item/cooking/food/item_streetSteak49_plate	ec78b98f607084013a6497fb8cd12b69	driveAssets/art/item/cooking/food/item_streetSteak49_plate.png	0	0	1	USED
driveAssets/art/item/cooking/food/item_brassSalt_pan	821f436dd351644bbb4992ced484289e	driveAssets/art/item/cooking/food/item_brassSalt_pan.png	0	0	1	USED
driveAssets/art/item/cooking/food/item_dawnHerb_pot	15fa6c85c974444e5863edddff7a425b	driveAssets/art/item/cooking/food/item_dawnHerb_pot.png	0	0	1	USED
driveAssets/art/item/cooking/food/item_machineRoomMeatSet_bento	9cc2254df27104f7ba3b12e45d5184ec	driveAssets/art/item/cooking/food/item_machineRoomMeatSet_bento.png	0	0	1	USED
driveAssets/art/item/cooking/food/item_brassSalt_plate	bafb6806eafc44436bdb1b21940ca5aa	driveAssets/art/item/cooking/food/item_brassSalt_plate.png	0	0	1	USED
driveAssets/art/item/cooking/food/item_shrimpOilBase_raw	c09a80e2414ff43c781674188e51a531	driveAssets/art/item/cooking/food/item_shrimpOilBase_raw.png	0	0	1	USED
driveAssets/art/item/cooking/food/item_pickledSeaweed_pot	84464657cd2e24033bd52098295acedf	driveAssets/art/item/cooking/food/item_pickledSeaweed_pot.png	0	0	1	USED
driveAssets/art/item/cooking/food/item_choppedInsulatingMushroom_raw	1cbfc39ba994d4aec84e4787a795bd0b	driveAssets/art/item/cooking/food/item_choppedInsulatingMushroom_raw.png	0	0	1	USED
driveAssets/art/item/cooking/food/item_ashenSoySauce_raw	c856a29e5d213420fbf641a6e5f43958	driveAssets/art/item/cooking/food/item_ashenSoySauce_raw.png	0	0	1	USED
driveAssets/art/item/cooking/food/item_lumiJelly_bento_middle	aceece8a94abf4079a7949f2067b2845	driveAssets/art/item/cooking/food/item_lumiJelly_bento_middle.png	0	0	1	USED
driveAssets/art/item/cooking/food/item_powerRoomSkewer_bento_left	69d5f5de72f4f428bb6160ff8f9f4270	driveAssets/art/item/cooking/food/item_powerRoomSkewer_bento_left.png	0	0	1	USED
driveAssets/art/item/cooking/food/item_lemon_bowl	cc473d3211c084c5c97a0ee159c9caa7	driveAssets/art/item/cooking/food/item_lemon_bowl.png	0	0	1	USED
driveAssets/art/item/cooking/food/item_lumiLeaf_raw	81f23b2f09b91406da0ba45c6d1e9ac6	driveAssets/art/item/cooking/food/item_lumiLeaf_raw.png	0	0	1	USED
driveAssets/art/item/cooking/food/item_powerRoomSkewer_bento_middle	e9f06f74c26294342a4da2246e0f7b72	driveAssets/art/item/cooking/food/item_powerRoomSkewer_bento_middle.png	0	0	1	USED
driveAssets/art/item/cooking/food/item_electricFlower_raw	daa7b24fd849e477bb3be829d6e4f623	driveAssets/art/item/cooking/food/item_electricFlower_raw.png	0	0	1	USED
driveAssets/art/item/cooking/food/item_wheatNoodles_raw	ea6eb562c92e74848aa40e85b2a623fc	driveAssets/art/item/cooking/food/item_wheatNoodles_raw.png	0	0	1	USED
driveAssets/art/item/cooking/food/item_lumiEgg_pan	bdf060a211def4d7c9538d332ee1fe4a	driveAssets/art/item/cooking/food/item_lumiEgg_pan.png	0	0	1	USED
driveAssets/art/item/cooking/food/item_syntheticChicken_bowl	281d592f227764f4497f8c26ad78e836	driveAssets/art/item/cooking/food/item_syntheticChicken_bowl.png	0	0	1	USED
driveAssets/art/item/cooking/food/item_blackDoenjang_bowl	803576ab7e52d4531aa93d954ffb10ff	driveAssets/art/item/cooking/food/item_blackDoenjang_bowl.png	0	0	1	USED
driveAssets/art/item/cooking/food/item_cheongyangLeaf_raw	2ad88b14694c34f9faa68b912f52dd7a	driveAssets/art/item/cooking/food/item_cheongyangLeaf_raw.png	0	0	1	USED
driveAssets/art/item/cooking/food/item_guryongNoodles_bento	bb947ec53ed3a4e47ab1ae676e1d1755	driveAssets/art/item/cooking/food/item_guryongNoodles_bento.png	0	0	1	USED
driveAssets/art/item/cooking/food/item_grilledWindBean_pan	8832fa5b823194e408d25b8a7ac7c33f	driveAssets/art/item/cooking/food/item_grilledWindBean_pan.png	0	0	1	USED
driveAssets/art/item/cooking/food/item_steelRoot_raw	6c57db27de326442db20f24e45cd9483	driveAssets/art/item/cooking/food/item_steelRoot_raw.png	0	0	1	USED
driveAssets/art/item/cooking/food/item_blackRiceBowl_bowl	91e53115893af432e9c13c4302655d8f	driveAssets/art/item/cooking/food/item_blackRiceBowl_bowl.png	0	0	1	USED
driveAssets/art/item/cooking/food/item_powerRoomSkewer_raw	02b236dd16423463e8b32cf929f519a7	driveAssets/art/item/cooking/food/item_powerRoomSkewer_raw.png	0	0	1	USED
driveAssets/art/item/cooking/food/item_darkSoy_bowl	2de560f8cfec848c1abe9a691cb73169	driveAssets/art/item/cooking/food/item_darkSoy_bowl.png	0	0	1	USED
driveAssets/art/item/cooking/food/item_smokeLeafButter_raw	9e425478b9f504dcea695ec853311f75	driveAssets/art/item/cooking/food/item_smokeLeafButter_raw.png	0	0	1	USED
driveAssets/art/item/cooking/item_receipt_default	4b75167e90d1e42fbb04e53f948ec79d	driveAssets/art/item/cooking/item_receipt_default.png	0	0	0	UNUSED
driveAssets/art/item/cooking/cookingTool/bento_set	e49b203b51f8b4455b15b06dbba53413	driveAssets/art/item/cooking/cookingTool/bento_set.png	0	1	0	USED
driveAssets/art/item/cooking/cookingTool/		driveAssets/art/item/cooking/cookingTool/.DS_Store	0	0	0	UNUSED
driveAssets/art/item/cooking/cookingTool/item_pot_default	030d1bc9e5ca646568eec5350c8df1f1	driveAssets/art/item/cooking/cookingTool/item_pot_default.png	0	1	0	USED
driveAssets/art/item/cooking/cookingTool/item_cuttingSet_default	4be5f0ca6249d45e5b7059e01df4424a	driveAssets/art/item/cooking/cookingTool/item_cuttingSet_default.png	0	1	0	USED
driveAssets/art/item/cooking/cookingTool/item_bowl_default	c83e64c48f34847eb8ee786d8133ace0	driveAssets/art/item/cooking/cookingTool/item_bowl_default.png	0	1	0	USED
driveAssets/art/item/cooking/cookingTool/item_bento	e7c2e9f7392d14cb49b88d37ea634a5d	driveAssets/art/item/cooking/cookingTool/item_bento.png	0	0	0	UNUSED
driveAssets/art/item/cooking/cookingTool/item_reciept_default	e6f13a492c56440d89b8835010afbb69	driveAssets/art/item/cooking/cookingTool/item_reciept_default.png	1	0	0	USED
driveAssets/art/item/cooking/cookingTool/item_pan_default	2861fbea973c6460d891909e63d8410b	driveAssets/art/item/cooking/cookingTool/item_pan_default.png	0	1	0	USED
driveAssets/art/item/cooking/cookingTool/item_ironPlate_default	9c5e96515b7e74fdea9e973c29920500	driveAssets/art/item/cooking/cookingTool/item_ironPlate_default.png	0	1	0	USED
driveAssets/art/item/		driveAssets/art/item/.DS_Store	0	0	0	UNUSED
driveAssets/art/item/minigame/FireMiniGame_pivot	7a71705df24c3a44f9531786feabf481	driveAssets/art/item/minigame/FireMiniGame_pivot.png	0	0	0	UNUSED
driveAssets/art/item/minigame/FireMiniGame_space	a2662d524dee3b74385e489ff501f051	driveAssets/art/item/minigame/FireMiniGame_space.png	0	0	0	UNUSED
driveAssets/art/item/minigame/cuttingboard	7a9ca3d6495137a47af8bb0d8dd5d4c8	driveAssets/art/item/minigame/cuttingboard.jpg	0	0	0	UNUSED
driveAssets/art/item/minigame/sauce_stain	edeacf4b6adf30d4ba935f57c7595d5e	driveAssets/art/item/minigame/sauce_stain.jpg	0	0	0	UNUSED
driveAssets/art/item/minigame/SauceMiniGame_sauce	6129af8d97de74147ba39c38a894f481	driveAssets/art/item/minigame/SauceMiniGame_sauce.png	0	0	0	UNUSED
driveAssets/art/item/minigame/FireMiniGame_pan	0531057bf9d730a40aef26813bb17c3c	driveAssets/art/item/minigame/FireMiniGame_pan.png	0	0	0	UNUSED
driveAssets/art/item/minigame/SauceMiniGame_upDown	a418280b3d00d7a4aa4c52483ebefc6d	driveAssets/art/item/minigame/SauceMiniGame_upDown.png	0	0	0	UNUSED
driveAssets/art/item/minigame/FireMiniGame_bar	22a02d6879b67424b91fd0e503647b0d	driveAssets/art/item/minigame/FireMiniGame_bar.png	0	0	0	UNUSED
driveAssets/art/bg/bg_garden	b18ce3b23d268a948a8d5394bb19efc7	driveAssets/art/bg/bg_garden.jpg	0	1	0	USED
driveAssets/art/bg/bg_cuisine_evening	0be3dc1f2a6384ac296f7e1d240c0d11	driveAssets/art/bg/bg_cuisine_evening.png	0	1	0	USED
driveAssets/art/bg/		driveAssets/art/bg/.DS_Store	0	0	0	UNUSED
driveAssets/art/bg/bg_cuisine_night	7e2c1c108bdd44b4a86f42cf34659c67	driveAssets/art/bg/bg_cuisine_night.png	0	1	0	USED
driveAssets/art/bg/bg_mall_default	12f749aef3168443daf679f6fba5b394	driveAssets/art/bg/bg_mall_default.png	0	1	0	USED
driveAssets/art/bg/bg_store	a83373443c84849e3b1760d4c2847373	driveAssets/art/bg/bg_store.png	0	0	0	UNUSED
driveAssets/art/bg/bg_meat_store	6537d59d6803b3e4185afc590434f763	driveAssets/art/bg/bg_meat_store.png	0	1	0	USED
driveAssets/art/bg/bg_cuisine_base	6e1ab67b9d1fb476b9a838ab3ca75c2e	driveAssets/art/bg/bg_cuisine_base.png	0	1	0	USED
driveAssets/art/bg/bg_cuisine_morning	56344e743ffbd42b68b810d9f291f4d0	driveAssets/art/bg/bg_cuisine_morning.png	0	1	0	USED
driveAssets/dataTables/parsers/CookingDataExporter	ea412b8c18b7b4133a6a9686070ca8d9	driveAssets/dataTables/parsers/CookingDataExporter.cs	0	0	0	UNUSED
driveAssets/dataTables/		driveAssets/dataTables/.DS_Store	0	0	0	UNUSED
driveAssets/dataTables/recipe	0220393cad9895740af3433ed8564cd8	driveAssets/dataTables/recipe.csv	0	0	0	UNUSED
driveAssets/dataTables/deliveryQuest	3f03de401663949d5bfcd894e6325dd4	driveAssets/dataTables/deliveryQuest.csv	1	0	0	USED
driveAssets/dataTables/food	5043fc8137fa5f94fbad0786b22b73bf	driveAssets/dataTables/food.csv	0	0	0	UNUSED
driveAssets/dataTables/dialog	e6394f27e08b2534497fd8d4bb732553	driveAssets/dataTables/dialog.csv	1	0	0	USED
driveAssets/dataTables/npcCasualDialogue	839419e42597d415eb2223a7c97d1c77	driveAssets/dataTables/npcCasualDialogue.csv	1	0	0	USED
driveAssets/dataTables/ingredient	5fe705e63c0f3c04c8e54b81afc67725	driveAssets/dataTables/ingredient.csv	0	0	0	UNUSED
driveAssets/dataTables/upgrade_storage	7e8ed53bd22bf47fe8858ad8b541b5fc	driveAssets/dataTables/upgrade_storage.csv	1	0	0	USED
driveAssets/dataTables/foodStore	aaaf2900945be9b4eb8283370f9cf4f1	driveAssets/dataTables/foodStore.csv	1	0	0	USED
driveAssets/dataTables/crop_data	5d62a6cb437e84e0a8dcc0cc5deb495b	driveAssets/dataTables/crop_data.csv	1	0	0	USED
driveAssets/dataTables/upgrade_tool	39e51fcbb181b4067a363161871b3d87	driveAssets/dataTables/upgrade_tool.csv	1	0	0	USED
driveAssets/dataTables/dialogBranch	58af5c78086ba4344bb1392d73332a9a	driveAssets/dataTables/dialogBranch.csv	1	0	0	USED
driveAssets/dataTables/upgrade_farm	cee9eca2032b740d8900ab4c859c0354	driveAssets/dataTables/upgrade_farm.csv	1	0	0	USED
driveAssets/dataTables/deliveryNPC	160ddb2ed83f79a4c84b331f9aca152f	driveAssets/dataTables/deliveryNPC.csv	1	0	0	USED
		.DS_Store	0	0	0	UNUSED
Prefabs/ui/Clock	5d28cc7f7a9c94156acafcc9cb197ebb	Prefabs/ui/Clock.prefab	0	1	0	USED
Prefabs/ui/SettlementLineItem	10b0f5feb149b49448842eff857908d6	Prefabs/ui/SettlementLineItem.prefab	0	1	0	USED
Prefabs/ui/SettlementPanel	564745b70f65e48d59003b7c99a5bfd0	Prefabs/ui/SettlementPanel.prefab	0	1	0	USED
Prefabs/ui/Stats	f287508f85c6a411d8538871ddcf4949	Prefabs/ui/Stats.prefab	0	1	0	USED
Prefabs/ui/CircularGauge	7dc98fbbd91294b7397a6874121d3cbb	Prefabs/ui/CircularGauge.prefab	0	0	0	UNUSED
Prefabs/ui/StatUI	a492104fd98044f57b5f227a21e4d5e3	Prefabs/ui/StatUI.prefab	0	0	0	UNUSED
Prefabs/ui/money	094d33b9890794ea4b6495c866d6f57f	Prefabs/ui/money.prefab	0	1	0	USED
Prefabs/ui/Settings	60dbc3a72506c415389b5c11733e330f	Prefabs/ui/Settings.prefab	1	0	0	USED
Prefabs/cooking/Bento	69cadaa2780f08740924cd2ab7fcff74	Prefabs/cooking/Bento.prefab	0	1	0	USED
Prefabs/cooking/WaitingCustomer	3fbb9dc477031407bae0f52625707b8e	Prefabs/cooking/WaitingCustomer.prefab	0	1	0	USED
Prefabs/cooking/Ingredient	3dc6db4f58eb9430da1f3d90dd785019	Prefabs/cooking/Ingredient.prefab	0	1	0	USED
Prefabs/cooking/OrderingCustomer	e0d4b23b4c90c4732a67307ca3da4d05	Prefabs/cooking/OrderingCustomer.prefab	0	1	0	USED
Prefabs/cooking/CookingToolDescription	1b3fec945fb144ca7adb2756960dd742	Prefabs/cooking/CookingToolDescription.prefab	1	0	0	USED
Prefabs/cooking/		Prefabs/cooking/.gitkeep	0	0	0	UNUSED
Prefabs/cooking/ReceiptLine	09274e8d5ad674d3fb405077d1817435	Prefabs/cooking/ReceiptLine.prefab	0	0	0	UNUSED
Prefabs/cooking/SpeechBubble	7a9a481941c9347d2b25e6ed5038bf0e	Prefabs/cooking/SpeechBubble.prefab	1	0	0	USED
Prefabs/cooking/CookingTool	8010e915b49134eec9608b077474cfe7	Prefabs/cooking/CookingTool.prefab	0	1	0	USED
Prefabs/cooking/Receipt	e8630fd82922840cd82bfd70f99652e4	Prefabs/cooking/Receipt.prefab	0	1	0	USED
Prefabs/cooking/IngredientDescription	e399713bb8d2c4dcea52d6a9a1c93fee	Prefabs/cooking/IngredientDescription.prefab	1	0	0	USED
Prefabs/cooking/TakingCustomer	64e6fcf7dd0674ea38524b6342c9cd23	Prefabs/cooking/TakingCustomer.prefab	0	1	0	USED
Prefabs/recipebook/legacy/SpriteAsset/item_omeletteBase_raw	182adaaa56c02e142be982f45e5f00a3	Prefabs/recipebook/legacy/SpriteAsset/item_omeletteBase_raw.asset	0	0	0	UNUSED
Prefabs/recipebook/legacy/SpriteAsset/item_electricFlower_raw	6fde99b900f70c746967e807301b91cc	Prefabs/recipebook/legacy/SpriteAsset/item_electricFlower_raw.asset	0	0	0	UNUSED
Prefabs/recipebook/legacy/SpriteAsset/item_insulatingMushroom_raw	733177629eeab9e40b3cbbaf2b50ec92	Prefabs/recipebook/legacy/SpriteAsset/item_insulatingMushroom_raw.asset	0	0	0	UNUSED
Prefabs/recipebook/legacy/SpriteAsset/item_caramelTopping_raw	db2736bc61ff31246ace8cbdade745a4	Prefabs/recipebook/legacy/SpriteAsset/item_caramelTopping_raw.asset	0	0	0	UNUSED
Prefabs/recipebook/legacy/SpriteAsset/item_steelRoot_raw	e2ddf86758f40474ea4ee7ab64727710	Prefabs/recipebook/legacy/SpriteAsset/item_steelRoot_raw.asset	0	0	0	UNUSED
Prefabs/recipebook/legacy/SpriteAsset/item_grilledSteelRoot_raw	3cf061c0e1fb552408e8e93f3274882c	Prefabs/recipebook/legacy/SpriteAsset/item_grilledSteelRoot_raw.asset	0	0	0	UNUSED
Prefabs/recipebook/legacy/SpriteAsset/item_onion_raw	f343ac94b70e6eb4cb15e50952ce6ab4	Prefabs/recipebook/legacy/SpriteAsset/item_onion_raw.asset	0	0	0	UNUSED
Prefabs/recipebook/legacy/SpriteAsset/item_powerRoomSkewer_raw	51bc69a3a4accb845935d864c3644edf	Prefabs/recipebook/legacy/SpriteAsset/item_powerRoomSkewer_raw.asset	0	0	0	UNUSED
Prefabs/recipebook/legacy/SpriteAsset/item_chickenBone_raw	797517e948dbb354ab398b7f307a1db4	Prefabs/recipebook/legacy/SpriteAsset/item_chickenBone_raw.asset	0	0	0	UNUSED
Prefabs/recipebook/legacy/SpriteAsset/item_paprika_raw	7a11813ae4cbb084594db79bc8ebc7bb	Prefabs/recipebook/legacy/SpriteAsset/item_paprika_raw.asset	0	0	0	UNUSED
Prefabs/recipebook/legacy/SpriteAsset/item_cheongyangLeaf_raw	9a1819c5622dc214c9e4706660d03748	Prefabs/recipebook/legacy/SpriteAsset/item_cheongyangLeaf_raw.asset	0	0	0	UNUSED
Prefabs/recipebook/legacy/SpriteAsset/item_darkSoy_raw	80f49dc8ff6aac645a29173285772a90	Prefabs/recipebook/legacy/SpriteAsset/item_darkSoy_raw.asset	0	0	0	UNUSED
Prefabs/recipebook/legacy/SpriteAsset/item_seaweed_raw	b3c8206576371f746af9195a541d2917	Prefabs/recipebook/legacy/SpriteAsset/item_seaweed_raw.asset	0	0	0	UNUSED
Prefabs/recipebook/legacy/SpriteAsset/item_grilledWindBean_raw	ca6e8923a8101a345b3b002355b2139f	Prefabs/recipebook/legacy/SpriteAsset/item_grilledWindBean_raw.asset	0	0	0	UNUSED
Prefabs/recipebook/legacy/SpriteAsset/item_lightTomato_raw	9043232084b560c47920d7b3d4ade3be	Prefabs/recipebook/legacy/SpriteAsset/item_lightTomato_raw.asset	0	0	0	UNUSED
Prefabs/recipebook/legacy/SpriteAsset/item_mussel_raw	b6df8b0d533f1cd4ba6ea628d77c51d7	Prefabs/recipebook/legacy/SpriteAsset/item_mussel_raw.asset	0	0	0	UNUSED
Prefabs/recipebook/legacy/SpriteAsset/item_rooftopOmelette_raw	333c54c043b52b445a5d759b9bb28fb5	Prefabs/recipebook/legacy/SpriteAsset/item_rooftopOmelette_raw.asset	0	0	0	UNUSED
Prefabs/recipebook/legacy/SpriteAsset/item_blackDoenjang_raw	a9393f0287ca02b46923bb320dbc4d9a	Prefabs/recipebook/legacy/SpriteAsset/item_blackDoenjang_raw.asset	0	0	0	UNUSED
Prefabs/recipebook/legacy/SpriteAsset/item_triangleRice_raw	fb37dcce14f99374489fc88528f06f47	Prefabs/recipebook/legacy/SpriteAsset/item_triangleRice_raw.asset	0	0	0	UNUSED
Prefabs/recipebook/legacy/SpriteAsset/item_cuttingSet_default	7fd3c410945b11649872a3065b141b2f	Prefabs/recipebook/legacy/SpriteAsset/item_cuttingSet_default.asset	0	0	0	UNUSED
Prefabs/recipebook/legacy/SpriteAsset/item_windBean_raw	4adb901a3cfe67c41917afd4e2a5ce31	Prefabs/recipebook/legacy/SpriteAsset/item_windBean_raw.asset	0	0	0	UNUSED
Prefabs/recipebook/legacy/SpriteAsset/item_guryongNoodles_raw	a561a4ce7181abf48853979bfb5f31cd	Prefabs/recipebook/legacy/SpriteAsset/item_guryongNoodles_raw.asset	0	0	0	UNUSED
Prefabs/recipebook/legacy/SpriteAsset/item_ventGrilledSalmon_raw	f11a0445ed8d8004bbee02b9f282950b	Prefabs/recipebook/legacy/SpriteAsset/item_ventGrilledSalmon_raw.asset	0	0	0	UNUSED
Prefabs/recipebook/legacy/SpriteAsset/item_gochujang_raw	410e0568dd179a042b39a57099be7c79	Prefabs/recipebook/legacy/SpriteAsset/item_gochujang_raw.asset	0	0	0	UNUSED
Prefabs/recipebook/legacy/SpriteAsset/item_dawnHerb_raw	cd9ca6f12380e7c4ba7a0eaafe237f99	Prefabs/recipebook/legacy/SpriteAsset/item_dawnHerb_raw.asset	0	0	0	UNUSED
Prefabs/recipebook/legacy/SpriteAsset/item_ashenSoySauce_raw	871e3d378d61c72479934fc59f349142	Prefabs/recipebook/legacy/SpriteAsset/item_ashenSoySauce_raw.asset	0	0	0	UNUSED
Prefabs/recipebook/legacy/SpriteAsset/item_lumiLeaf_raw	e621f36ab47e1a342a636225881f3b53	Prefabs/recipebook/legacy/SpriteAsset/item_lumiLeaf_raw.asset	0	0	0	UNUSED
Prefabs/recipebook/legacy/SpriteAsset/item_tofu_raw	dc1624c9c267da94e8c98deb393477fa	Prefabs/recipebook/legacy/SpriteAsset/item_tofu_raw.asset	0	0	0	UNUSED
Prefabs/recipebook/legacy/SpriteAsset/item_saladBase_raw	2351330439ce1364d9f4c0c42e4ed938	Prefabs/recipebook/legacy/SpriteAsset/item_saladBase_raw.asset	0	0	0	UNUSED
Prefabs/recipebook/legacy/SpriteAsset/item_machineRoomMeatSet_raw	b2665cd73b00d334ba4ba4ce7846b2be	Prefabs/recipebook/legacy/SpriteAsset/item_machineRoomMeatSet_raw.asset	0	0	0	UNUSED
Prefabs/recipebook/legacy/SpriteAsset/item_driedAnchovy_raw	d2e622023bb319145a1f828c7fb57f96	Prefabs/recipebook/legacy/SpriteAsset/item_driedAnchovy_raw.asset	0	0	0	UNUSED
Prefabs/recipebook/legacy/SpriteAsset/item_streetSteak49_raw	40c452eefa3c2674680f24bf2878e021	Prefabs/recipebook/legacy/SpriteAsset/item_streetSteak49_raw.asset	0	0	0	UNUSED
Prefabs/recipebook/legacy/SpriteAsset/item_brassSalt_raw	d9834456efdeef541bec554fa41cad45	Prefabs/recipebook/legacy/SpriteAsset/item_brassSalt_raw.asset	0	0	0	UNUSED
Prefabs/recipebook/legacy/SpriteAsset/item_blackRiceBowl_raw	06cc2fc408914564fb493d563dd02e59	Prefabs/recipebook/legacy/SpriteAsset/item_blackRiceBowl_raw.asset	0	0	0	UNUSED
Prefabs/recipebook/legacy/SpriteAsset/item_seaweedBroth_raw	de6f21ee1d438894f9885710d8d45b7e	Prefabs/recipebook/legacy/SpriteAsset/item_seaweedBroth_raw.asset	0	0	0	UNUSED
Prefabs/recipebook/legacy/SpriteAsset/item_pan_default	59f876f205cb7c54a8140c244d64643f	Prefabs/recipebook/legacy/SpriteAsset/item_pan_default.asset	0	0	0	UNUSED
Prefabs/recipebook/legacy/SpriteAsset/item_lumiEgg_raw	1285b927028b5404e9863ea1a9d1c67b	Prefabs/recipebook/legacy/SpriteAsset/item_lumiEgg_raw.asset	0	0	0	UNUSED
Prefabs/recipebook/legacy/SpriteAsset/item_pickledSeaweed_raw	3cb2ae112ff4e3a40b8885dd5c1eb28a	Prefabs/recipebook/legacy/SpriteAsset/item_pickledSeaweed_raw.asset	0	0	0	UNUSED
Prefabs/recipebook/legacy/SpriteAsset/item_artificialMeat_raw	2b081cbd7d64afc4d8d64d78bdf30c44	Prefabs/recipebook/legacy/SpriteAsset/item_artificialMeat_raw.asset	0	0	0	UNUSED
Prefabs/recipebook/legacy/SpriteAsset/item_wheatNoodles_raw	34f2a296e391b234c99ba3c58da6c77b	Prefabs/recipebook/legacy/SpriteAsset/item_wheatNoodles_raw.asset	0	0	0	UNUSED
Prefabs/recipebook/legacy/SpriteAsset/item_azureOil_raw	d09e34562884eac4d87887f6ead8f849	Prefabs/recipebook/legacy/SpriteAsset/item_azureOil_raw.asset	0	0	0	UNUSED
Prefabs/recipebook/legacy/SpriteAsset/item_skewerSet_raw	6f4e5d0e6780fe04eb8e1f40073e7ebc	Prefabs/recipebook/legacy/SpriteAsset/item_skewerSet_raw.asset	0	0	0	UNUSED
Prefabs/recipebook/legacy/SpriteAsset/item_artificialMeatSteak_raw	932ad08ad16d47e488c877108d366cf3	Prefabs/recipebook/legacy/SpriteAsset/item_artificialMeatSteak_raw.asset	0	0	0	UNUSED
Prefabs/recipebook/legacy/SpriteAsset/item_foodWaste_raw	03886bfba59260b439fb6cfa8663b4d9	Prefabs/recipebook/legacy/SpriteAsset/item_foodWaste_raw.asset	0	0	0	UNUSED
Prefabs/recipebook/legacy/SpriteAsset/item_eggplant_raw	a580205d1a58c694888772d6e2a50338	Prefabs/recipebook/legacy/SpriteAsset/item_eggplant_raw.asset	0	0	0	UNUSED
Prefabs/recipebook/legacy/SpriteAsset/item_grilledArtificialMeat_raw	fdd01825dfe003b43965beaaa58d29f4	Prefabs/recipebook/legacy/SpriteAsset/item_grilledArtificialMeat_raw.asset	0	0	0	UNUSED
Prefabs/recipebook/legacy/SpriteAsset/item_syntheticChicken_raw	fea16740767541a47a93c16087720e2a	Prefabs/recipebook/legacy/SpriteAsset/item_syntheticChicken_raw.asset	0	0	0	UNUSED
Prefabs/recipebook/legacy/SpriteAsset/item_blackRice_raw	38055f340cceaf64cbbe856efd4ba115	Prefabs/recipebook/legacy/SpriteAsset/item_blackRice_raw.asset	0	0	0	UNUSED
Prefabs/recipebook/legacy/SpriteAsset/item_garlic_raw	259dc1a2aa5f97845b653f22eecf0bdf	Prefabs/recipebook/legacy/SpriteAsset/item_garlic_raw.asset	0	0	0	UNUSED
Prefabs/recipebook/legacy/SpriteAsset/item_squidInk_raw	15a2f949a4701cc4abc54f761b1025b2	Prefabs/recipebook/legacy/SpriteAsset/item_squidInk_raw.asset	0	0	0	UNUSED
Prefabs/recipebook/legacy/SpriteAsset/item_moonRoot_raw	9ad82bc55c312c149ad989f5cf62a3a2	Prefabs/recipebook/legacy/SpriteAsset/item_moonRoot_raw.asset	0	0	0	UNUSED
Prefabs/recipebook/legacy/SpriteAsset/item_smokeLeafButter_raw	66c26bd6e3a5a71489bda76429435664	Prefabs/recipebook/legacy/SpriteAsset/item_smokeLeafButter_raw.asset	0	0	0	UNUSED
Prefabs/recipebook/legacy/SpriteAsset/item_dicedArtificialMeat_raw	a0e87e605c3f57e4bb8e5095f06c129b	Prefabs/recipebook/legacy/SpriteAsset/item_dicedArtificialMeat_raw.asset	0	0	0	UNUSED
Prefabs/recipebook/legacy/SpriteAsset/item_choppedInsulatingMushroom_raw	2b49c39a835986846a2a799322960a53	Prefabs/recipebook/legacy/SpriteAsset/item_choppedInsulatingMushroom_raw.asset	0	0	0	UNUSED
Prefabs/recipebook/legacy/SpriteAsset/item_water_raw	14c60c8b2e0ae64479babddbd2e547da	Prefabs/recipebook/legacy/SpriteAsset/item_water_raw.asset	0	0	0	UNUSED
Prefabs/recipebook/legacy/SpriteAsset/item_greenOnion_raw	11842ea3506d0494aabb93d8968eb038	Prefabs/recipebook/legacy/SpriteAsset/item_greenOnion_raw.asset	0	0	0	UNUSED
Prefabs/recipebook/legacy/SpriteAsset/item_bowl_default	0d67887bc913a9c45bba12d1d85d4a3b	Prefabs/recipebook/legacy/SpriteAsset/item_bowl_default.asset	0	0	0	UNUSED
Prefabs/recipebook/legacy/SpriteAsset/item_abandonedBuildingRiceBall_raw	a3295a99a2b853946a5952a61f64f7af	Prefabs/recipebook/legacy/SpriteAsset/item_abandonedBuildingRiceBall_raw.asset	0	0	0	UNUSED
Prefabs/recipebook/legacy/SpriteAsset/item_lumiJelly_raw	5e5bbb593a0a60f4b837b25734308048	Prefabs/recipebook/legacy/SpriteAsset/item_lumiJelly_raw.asset	0	0	0	UNUSED
Prefabs/recipebook/legacy/SpriteAsset/item_luminousSyrup_raw	946beeded9d757540a3fb57a8e405d20	Prefabs/recipebook/legacy/SpriteAsset/item_luminousSyrup_raw.asset	0	0	0	UNUSED
Prefabs/recipebook/legacy/SpriteAsset/item_blackSesame_raw	0f0a460e889dab640bffb59ea16c0098	Prefabs/recipebook/legacy/SpriteAsset/item_blackSesame_raw.asset	0	0	0	UNUSED
Prefabs/recipebook/legacy/SpriteAsset/item_shrimpOilBase_raw	9ed07fef1c9ec974ab2b6b2b8b530c69	Prefabs/recipebook/legacy/SpriteAsset/item_shrimpOilBase_raw.asset	0	0	0	UNUSED
Prefabs/recipebook/legacy/SpriteAsset/item_seasonedSalmon_raw	4b665be665e58634fbed50354707f807	Prefabs/recipebook/legacy/SpriteAsset/item_seasonedSalmon_raw.asset	0	0	0	UNUSED
Prefabs/recipebook/legacy/SpriteAsset/item_driedShrimp_raw	d3a0fcb55db22d542bac89ba94f1cdba	Prefabs/recipebook/legacy/SpriteAsset/item_driedShrimp_raw.asset	0	0	0	UNUSED
Prefabs/recipebook/legacy/SpriteAsset/item_boiledWheatNoodles_raw	c54c3468c1abdb143a0fc122bbb5f5cb	Prefabs/recipebook/legacy/SpriteAsset/item_boiledWheatNoodles_raw.asset	0	0	0	UNUSED
Prefabs/recipebook/legacy/SpriteAsset/item_newspaper_raw	c1cb10ac4a237d148a334c4d25f120fc	Prefabs/recipebook/legacy/SpriteAsset/item_newspaper_raw.asset	0	0	0	UNUSED
Prefabs/recipebook/legacy/SpriteAsset/item_artificialSalmon_raw	6ecb781b11df0b84bb4a0c5f3e2389f3	Prefabs/recipebook/legacy/SpriteAsset/item_artificialSalmon_raw.asset	0	0	0	UNUSED
Prefabs/recipebook/legacy/SpriteAsset/item_lumiGelBase_raw	31e98848917954b42a1be7cc779fce28	Prefabs/recipebook/legacy/SpriteAsset/item_lumiGelBase_raw.asset	0	0	0	UNUSED
Prefabs/recipebook/legacy/SpriteAsset/item_neonSalad_raw	8bb5a01b5938efa4080e62d17726807a	Prefabs/recipebook/legacy/SpriteAsset/item_neonSalad_raw.asset	0	0	0	UNUSED
Prefabs/recipebook/legacy/SpriteAsset/item_dawnSoupBase_raw	609a43099b12a8d45a6b092fbf66799e	Prefabs/recipebook/legacy/SpriteAsset/item_dawnSoupBase_raw.asset	0	0	0	UNUSED
Prefabs/recipebook/legacy/SpriteAsset/item_dawnSoup_raw	c618e9eb6facc2c4087cdffedd4d9b3c	Prefabs/recipebook/legacy/SpriteAsset/item_dawnSoup_raw.asset	0	0	0	UNUSED
Prefabs/recipebook/legacy/SpriteAsset/item_lemon_raw	fc1a6e5cbb5f3d7428d466de5be697ce	Prefabs/recipebook/legacy/SpriteAsset/item_lemon_raw.asset	0	0	0	UNUSED
Prefabs/recipebook/legacy/SpriteAsset/item_jangSauce_raw	7ab966d12fdd2334f82745561024d19e	Prefabs/recipebook/legacy/SpriteAsset/item_jangSauce_raw.asset	0	0	0	UNUSED
Prefabs/recipebook/legacy/SpriteAsset/item_soyCoatedRice_raw	e46f3262f5200804f8104904c8f7ee2b	Prefabs/recipebook/legacy/SpriteAsset/item_soyCoatedRice_raw.asset	0	0	0	UNUSED
Prefabs/recipebook/legacy/Recipe/LoreText	375b5fcd7fbae304b9337f88e472db09	Prefabs/recipebook/legacy/Recipe/LoreText.prefab	0	0	0	UNUSED
Prefabs/recipebook/legacy/Recipe/MenuSlot(Recipe)	f7688055dcd59a547987c9cf7e006afb	Prefabs/recipebook/legacy/Recipe/MenuSlot(Recipe).prefab	0	0	0	UNUSED
Prefabs/recipebook/legacy/RecipeBook	a1cc086ed530c9f41a66d25a121ce040	Prefabs/recipebook/legacy/RecipeBook.prefab	1	1	0	USED
Prefabs/recipebook/MenuSelection/CategoryPanel	a2d3dff37b4d442eaa789971ea76c61e	Prefabs/recipebook/MenuSelection/CategoryPanel.prefab	0	0	0	UNUSED
Prefabs/recipebook/MenuSelection/BentoSlot	3027b7582fd614569ac543b9f23cface	Prefabs/recipebook/MenuSelection/BentoSlot.prefab	0	0	0	UNUSED
Prefabs/recipebook/MenuSelection/MenuSelection	25a35e68b56754ec8a459e64f2775f1f	Prefabs/recipebook/MenuSelection/MenuSelection.prefab	0	1	0	USED
Prefabs/recipebook/MenuSelection/Menu	b5ec189d847b64cb9bba31c810b7ce45	Prefabs/recipebook/MenuSelection/Menu.prefab	0	0	0	UNUSED
Prefabs/recipebook/inventory/BatchRow	d26c4a123f4d14458b55e7a062ef0cab	Prefabs/recipebook/inventory/BatchRow.prefab	0	0	0	UNUSED
Prefabs/recipebook/inventory/InventorySlot	900304e87041d48b29c83e6ecc86556d	Prefabs/recipebook/inventory/InventorySlot.prefab	0	0	0	UNUSED
Prefabs/recipebook/MenuCardV2	f3267f342d4f64c46ba1f36cb45ff73d	Prefabs/recipebook/MenuCardV2.prefab	0	0	0	UNUSED
Prefabs/		Prefabs/.DS_Store	0	0	0	UNUSED
Prefabs/garden/GardenDialog_Prefab	5196218c5aced204da108edf06916216	Prefabs/garden/GardenDialog_Prefab.prefab	0	0	0	UNUSED
Prefabs/garden/FarmTile	002eefc97777e6c4b86666e010873774	Prefabs/garden/FarmTile.prefab	0	1	0	USED
Prefabs/garden/GardenShopSlot	39e575a87ecd94841bf62c34007c6658	Prefabs/garden/GardenShopSlot.prefab	0	0	0	UNUSED
Prefabs/Shop/SpecialItemShopSlot	af7d0906273bdb94491943ad7fbe7bd0	Prefabs/Shop/SpecialItemShopSlot.prefab	0	0	0	UNUSED
Prefabs/Shop/ItemShopSlot	31c0eec71fb666740ac5a5a9bb6cedf6	Prefabs/Shop/ItemShopSlot.prefab	0	0	0	UNUSED
Prefabs/Shop/ShopDialog_Prefab	78f89bda0c4aa414fb7c305d5e63d816	Prefabs/Shop/ShopDialog_Prefab.prefab	0	1	0	USED
Prefabs/Shop/ShopBook	19fcf08d77f8545d5a6b4a98e2a190f1	Prefabs/Shop/ShopBook.prefab	0	0	0	UNUSED
Prefabs/Shop/UpgradeShopDialog	e90197b66d6ee4ad6b905f745ddc19a2	Prefabs/Shop/UpgradeShopDialog.prefab	0	0	0	UNUSED
Prefabs/Shop/ShopListRow	582eafc089b9143c18182ecbb5b84d97	Prefabs/Shop/ShopListRow.prefab	0	0	0	UNUSED
Prefabs/Shop/UpgradeShopSlot	ab25798bc3f1e45a68965688b767907b	Prefabs/Shop/UpgradeShopSlot.prefab	0	0	0	UNUSED
Prefabs/dialogue/choiceButton	64cfcccdbf696ed4184415c78302b4b3	Prefabs/dialogue/choiceButton.prefab	0	1	0	USED
Prefabs/minigame/anim/LowerArrowController	7800d3aa0ff3249df99da5e042e298da	Prefabs/minigame/anim/LowerArrowController.controller	0	0	0	UNUSED
Prefabs/minigame/anim/upperArrow_default	286ad21611d4143c3b353be170d19d87	Prefabs/minigame/anim/upperArrow_default.anim	0	0	0	UNUSED
Prefabs/minigame/anim/UpperArrowController	a9c83c487e5da43e2a902a100ec25ac2	Prefabs/minigame/anim/UpperArrowController.controller	0	0	0	UNUSED
Prefabs/minigame/anim/lowerArrow_guided	e92cba8e1b31b4bb1bc207aa898a516a	Prefabs/minigame/anim/lowerArrow_guided.anim	0	0	0	UNUSED
Prefabs/minigame/anim/default	08a66b0d1341f4cb2994be37e0939c69	Prefabs/minigame/anim/default.anim	0	0	0	UNUSED
Prefabs/minigame/anim/KeyAnimator	b475059cde87f4d789d57ee02fe80802	Prefabs/minigame/anim/KeyAnimator.controller	0	0	0	UNUSED
Prefabs/minigame/anim/upperArrow_guided	c8004904916264ad49d23d6f1ebcd4ed	Prefabs/minigame/anim/upperArrow_guided.anim	0	0	0	UNUSED
Prefabs/minigame/anim/spacebar_default	00930f6b8d69542ecb592460476ed9bb	Prefabs/minigame/anim/spacebar_default.anim	0	0	0	UNUSED
Prefabs/minigame/anim/lowerArrow_default	e63062cf43b4f4e1d9606b3976fc30d2	Prefabs/minigame/anim/lowerArrow_default.anim	0	0	0	UNUSED
Prefabs/minigame/anim/fail	53f575847e2384190a95cdad12e4dba8	Prefabs/minigame/anim/fail.anim	0	0	0	UNUSED
Prefabs/minigame/anim/upperArrow_pressed	338167b5748f84fe2b40a8e0223760b1	Prefabs/minigame/anim/upperArrow_pressed.anim	0	0	0	UNUSED
Prefabs/minigame/anim/success	70719042513af489a9e9088a1f79b1ca	Prefabs/minigame/anim/success.anim	0	0	0	UNUSED
Prefabs/minigame/anim/lowerArrow_pressed	1c5fadda1e821445a88c7d19fb4f95f2	Prefabs/minigame/anim/lowerArrow_pressed.anim	0	0	0	UNUSED
Prefabs/minigame/anim/destroy	bd276dc85c91246fb8193681044f7ea0	Prefabs/minigame/anim/destroy.anim	0	0	0	UNUSED
Prefabs/minigame/anim/SpacebarController	ba5798b0bc21844488ad812eff6b2b45	Prefabs/minigame/anim/SpacebarController.controller	0	0	0	UNUSED
Prefabs/minigame/anim/spacebar_pressed	236154637489e4c60a3a914d6e793230	Prefabs/minigame/anim/spacebar_pressed.anim	0	0	0	UNUSED
Prefabs/minigame/dot_line	50c67cc75fbea4d23822f8143c4ef362	Prefabs/minigame/dot_line.mat	0	0	0	UNUSED
Prefabs/minigame/SliceMiniGame	fc721a31c732d5e4b9ad64ed5f6ce067	Prefabs/minigame/SliceMiniGame.prefab	0	1	0	USED
Prefabs/minigame/SauceMiniGame	f380a74e24aa4ae48b5efb3bd8cb8bac	Prefabs/minigame/SauceMiniGame.prefab	0	1	0	USED
Prefabs/minigame/		Prefabs/minigame/.DS_Store	0	0	0	UNUSED
Prefabs/minigame/MinigameResult	3d32c5ae1d8e545918e845b30fbdcacc	Prefabs/minigame/MinigameResult.prefab	0	1	0	USED
Prefabs/minigame/GriddleMinigame	3b0abe1fe83ec45c49dad47ca01acaf2	Prefabs/minigame/GriddleMinigame.prefab	0	1	0	USED
Prefabs/minigame/FireMiniGame 2	29305982cf2c74dd8a42dd52093f6fbc	Prefabs/minigame/FireMiniGame 2.prefab	0	1	0	USED
Prefabs/minigame/KeyButton	35d1dd688dacc443eac6958c6a5cbc23	Prefabs/minigame/KeyButton.prefab	0	0	0	UNUSED
Prefabs/minigame/miniGameBG	021eb9aa84fdafa4f88bf57435a6cc97	Prefabs/minigame/miniGameBG.prefab	1	0	0	USED
Prefabs/minigame/ScoringInstance	84399c1fe09a049fab243d518e4f33cf	Prefabs/minigame/ScoringInstance.prefab	0	0	0	UNUSED
Prefabs/minigame/MixingMinigame	e7bbce7d910964fb9b0f4399943b4c9d	Prefabs/minigame/MixingMinigame.prefab	0	1	0	USED
Prefabs/minigame/ui_mouse_default	b8b91054a1a78481f88b652aaeca8a94	Prefabs/minigame/ui_mouse_default.prefab	0	0	0	UNUSED
Prefabs/minigame/Slice	5785e3ec9168647f8ae7744aec32a102	Prefabs/minigame/Slice.prefab	0	0	0	UNUSED
Prefabs/minigame/FireMiniGame 1	c5e59880eb93d1743a36f6d766cce00a	Prefabs/minigame/FireMiniGame 1.prefab	0	1	0	USED
Prefabs/delivery/DeliveryNpcView	61b6a492144d24a869f01b895b0b89ea	Prefabs/delivery/DeliveryNpcView.prefab	0	1	0	USED
Prefabs/delivery/DeliveryCustomer	e56587a16d54c2f428e2a04cf648bf7b	Prefabs/delivery/DeliveryCustomer.prefab	0	0	0	UNUSED
Prefabs/mall/DialoguePanel	1f21844aaee0d49faa3960c1eb598f37	Prefabs/mall/DialoguePanel.prefab	1	1	0	USED
ScriptableObjects/FoodData/I067	75e17fd1d683d468db7e0ad3c7720406	ScriptableObjects/FoodData/I067.asset	0	0	1	USED
ScriptableObjects/FoodData/I022	9273d8081e7644d3390d45d73a2e4d23	ScriptableObjects/FoodData/I022.asset	0	0	1	USED
ScriptableObjects/FoodData/I043	7f2aa990e3169486ea1f178a06b0e53d	ScriptableObjects/FoodData/I043.asset	0	0	1	USED
ScriptableObjects/FoodData/I004	56e22e07005a640729c07a67ac96e393	ScriptableObjects/FoodData/I004.asset	0	0	1	USED
ScriptableObjects/FoodData/I039	eb738f00b0f5a450795f2546cf9b3181	ScriptableObjects/FoodData/I039.asset	0	0	1	USED
ScriptableObjects/FoodData/I058	eb75e7a58cb4e4123b840b49e0c4e120	ScriptableObjects/FoodData/I058.asset	0	0	1	USED
ScriptableObjects/FoodData/I065	bec80aa479dd343f89a4711788ee509f	ScriptableObjects/FoodData/I065.asset	0	0	1	USED
ScriptableObjects/FoodData/I020	a89d70355a98e4f209c68f26f834434c	ScriptableObjects/FoodData/I020.asset	0	0	1	USED
ScriptableObjects/FoodData/I019	36edcd6b161a94a23ac5687959c72af3	ScriptableObjects/FoodData/I019.asset	0	0	1	USED
ScriptableObjects/FoodData/I061	2eef6cb35e95d4d5c9df835e24e39326	ScriptableObjects/FoodData/I061.asset	0	0	1	USED
ScriptableObjects/FoodData/I024	51757ae4db92e4a16851469d23ec63bd	ScriptableObjects/FoodData/I024.asset	0	0	1	USED
ScriptableObjects/FoodData/I045	98c5aed8bf2fe4f3484726abe8fc9e4d	ScriptableObjects/FoodData/I045.asset	0	0	1	USED
ScriptableObjects/FoodData/I000	eabb0af9eb9914adf95ebc1d51426c44	ScriptableObjects/FoodData/I000.asset	0	0	1	USED
ScriptableObjects/FoodData/I047	e19b23319af054b7bba1b430a270c719	ScriptableObjects/FoodData/I047.asset	0	0	1	USED
ScriptableObjects/FoodData/I002	c8251ec2f51a14eaf9e8b914b219fa2e	ScriptableObjects/FoodData/I002.asset	0	0	1	USED
ScriptableObjects/FoodData/I026	d025f92d06a7a4520958db73d97ecb9a	ScriptableObjects/FoodData/I026.asset	0	0	1	USED
ScriptableObjects/FoodData/I038	206f924f488b04f02aef8e331c1719c4	ScriptableObjects/FoodData/I038.asset	0	0	1	USED
ScriptableObjects/FoodData/I005	168d6ed10191548c4b7e9ab85a31bed5	ScriptableObjects/FoodData/I005.asset	0	0	1	USED
ScriptableObjects/FoodData/I040	5281961d7e6994980b0815f8914c32e2	ScriptableObjects/FoodData/I040.asset	0	0	1	USED
ScriptableObjects/FoodData/I021	454f34b1733784b159168eb4b22e707c	ScriptableObjects/FoodData/I021.asset	0	0	1	USED
ScriptableObjects/FoodData/I059	5501b5d6f091a4072ade9f7daae1245c	ScriptableObjects/FoodData/I059.asset	0	0	1	USED
ScriptableObjects/FoodData/I023	84438a13931974327b7fa0e9c425d63c	ScriptableObjects/FoodData/I023.asset	0	0	1	USED
ScriptableObjects/FoodData/I066	3cb92120c12cb48ae875fa86c1fda3db	ScriptableObjects/FoodData/I066.asset	0	0	1	USED
ScriptableObjects/FoodData/I007	55a71b22c47794259989718794b981c9	ScriptableObjects/FoodData/I007.asset	0	0	1	USED
ScriptableObjects/FoodData/I042	203aa0a6cba814e3cb3e7557961267a4	ScriptableObjects/FoodData/I042.asset	0	0	1	USED
ScriptableObjects/FoodData/I003	1e87ab85da8ac4b87bf6fd330a6632f2	ScriptableObjects/FoodData/I003.asset	0	0	1	USED
ScriptableObjects/FoodData/I046	399d779be773a43d38dc65e17678a324	ScriptableObjects/FoodData/I046.asset	0	0	1	USED
ScriptableObjects/FoodData/I027	6e865bb4924c44f87832087c2a43e91b	ScriptableObjects/FoodData/I027.asset	0	0	1	USED
ScriptableObjects/FoodData/I062	2834881cd5a564f04b3f7928ee4939c1	ScriptableObjects/FoodData/I062.asset	0	0	1	USED
ScriptableObjects/FoodData/I025	6f94c99bb03d2419eaba64f0f437ef2a	ScriptableObjects/FoodData/I025.asset	0	0	1	USED
ScriptableObjects/FoodData/I060	29382dfaa9ecf45b3a2eb7bdfdb55c51	ScriptableObjects/FoodData/I060.asset	0	0	1	USED
ScriptableObjects/FoodData/I018	97bc054130f89408eb258365bb8abdf3	ScriptableObjects/FoodData/I018.asset	0	0	1	USED
ScriptableObjects/FoodData/I001	bb194e0b89d8e4f08a78e2ab29717905	ScriptableObjects/FoodData/I001.asset	0	0	1	USED
ScriptableObjects/FoodData/I044	4c51e5d34c3c143af95aca0158c4b6fb	ScriptableObjects/FoodData/I044.asset	0	0	1	USED
ScriptableObjects/FoodData/I048	c201a78f07cd646ecaa27e31b911bc56	ScriptableObjects/FoodData/I048.asset	0	0	1	USED
ScriptableObjects/FoodData/I030	46bd2ebc161184901a99732389c7d594	ScriptableObjects/FoodData/I030.asset	0	0	1	USED
ScriptableObjects/FoodData/I051	eff714e94a19d4080a88a49659f7fb12	ScriptableObjects/FoodData/I051.asset	0	0	1	USED
ScriptableObjects/FoodData/I014	859a6d11da3034ef5bfc03827415febe	ScriptableObjects/FoodData/I014.asset	0	0	1	USED
ScriptableObjects/FoodData/I029	25fefbdb3dc6042a9b3ab66ab5d513f8	ScriptableObjects/FoodData/I029.asset	0	0	1	USED
ScriptableObjects/FoodData/I053	905fa5a44272a46039f90a140f7cda4c	ScriptableObjects/FoodData/I053.asset	0	0	1	USED
ScriptableObjects/FoodData/I016	b36ec19e840974730a43830495b3cd38	ScriptableObjects/FoodData/I016.asset	0	0	1	USED
ScriptableObjects/FoodData/I032	577c460907e134d678ba222b07b2cad2	ScriptableObjects/FoodData/I032.asset	0	0	1	USED
ScriptableObjects/FoodData/I036	d8445e6c9c142404badf421d32055bed	ScriptableObjects/FoodData/I036.asset	0	0	1	USED
ScriptableObjects/FoodData/I057	dde68d95c69d24c268ff2a5c41321fe5	ScriptableObjects/FoodData/I057.asset	0	0	1	USED
ScriptableObjects/FoodData/I012	d79d50cf2da0643468c6a9ecc52d1867	ScriptableObjects/FoodData/I012.asset	0	0	1	USED
ScriptableObjects/FoodData/I055	947de3c0660b9458e9efd8d908ede4b4	ScriptableObjects/FoodData/I055.asset	0	0	1	USED
ScriptableObjects/FoodData/I010	13f0ac699ac1a4ac6ac0bd9232add271	ScriptableObjects/FoodData/I010.asset	0	0	1	USED
ScriptableObjects/FoodData/I068	40d49729ec114427cb717290c2f261d9	ScriptableObjects/FoodData/I068.asset	0	0	1	USED
ScriptableObjects/FoodData/I009	4a35296857138455f9bd284d9b3aa2c3	ScriptableObjects/FoodData/I009.asset	0	0	1	USED
ScriptableObjects/FoodData/I034	47c0a7d7313aa4d118e658856bf085e7	ScriptableObjects/FoodData/I034.asset	0	0	1	USED
ScriptableObjects/FoodData/I017	a77a76fa89078450c9b871ff71f299e0	ScriptableObjects/FoodData/I017.asset	0	0	1	USED
ScriptableObjects/FoodData/I052	95fb688d7dce24afaa52685e41402770	ScriptableObjects/FoodData/I052.asset	0	0	1	USED
ScriptableObjects/FoodData/I033	045565f6bad3840ccbe48003aa588c01	ScriptableObjects/FoodData/I033.asset	0	0	1	USED
ScriptableObjects/FoodData/I031	eb47f21c2ee8e47f2b3496fd5241a1c8	ScriptableObjects/FoodData/I031.asset	0	0	1	USED
ScriptableObjects/FoodData/I049	1ae879886de4f4f3a8066a42d8e4fb97	ScriptableObjects/FoodData/I049.asset	0	0	1	USED
ScriptableObjects/FoodData/I028	301cab2408341454eb99735208110b86	ScriptableObjects/FoodData/I028.asset	0	0	1	USED
ScriptableObjects/FoodData/I015	862af52bd816e44d69dfc77fd032a327	ScriptableObjects/FoodData/I015.asset	0	0	1	USED
ScriptableObjects/FoodData/I050	075d8d0e870a7413c8d7cdb48b13ec5e	ScriptableObjects/FoodData/I050.asset	0	0	1	USED
ScriptableObjects/FoodData/I069	a61cf1568f3da44e194546bec4f8de3a	ScriptableObjects/FoodData/I069.asset	0	0	1	USED
ScriptableObjects/FoodData/I054	5cffb544e31874325ad539da7e2a87c6	ScriptableObjects/FoodData/I054.asset	0	0	1	USED
ScriptableObjects/FoodData/I035	c1a8f616383464b07ac7f38e90f58366	ScriptableObjects/FoodData/I035.asset	0	0	1	USED
ScriptableObjects/FoodData/I070	3e7b47af83c2140cebcfc30da9b102c5	ScriptableObjects/FoodData/I070.asset	0	0	1	USED
ScriptableObjects/FoodData/I008	492c15154600b4cc18446e68176dcd93	ScriptableObjects/FoodData/I008.asset	0	0	1	USED
ScriptableObjects/FoodData/I037	aa39779c15fc0453ca703e94e9612f3a	ScriptableObjects/FoodData/I037.asset	0	0	1	USED
ScriptableObjects/FoodData/I013	e7c3bcf308f1e4f1aae07a2d7245fdae	ScriptableObjects/FoodData/I013.asset	0	0	1	USED
ScriptableObjects/FoodData/I056	b95f998c41fed4eaca900c45169bf6f5	ScriptableObjects/FoodData/I056.asset	0	0	1	USED
ScriptableObjects/IngredientData/I067	0253a5ef69cd641968758fffd5ca1d10	ScriptableObjects/IngredientData/I067.asset	0	0	1	USED
ScriptableObjects/IngredientData/I022	b4c041cbc3f4147cea7e9e76139675dd	ScriptableObjects/IngredientData/I022.asset	0	0	1	USED
ScriptableObjects/IngredientData/I004	db8050d42fa3040e88250b764054a0f1	ScriptableObjects/IngredientData/I004.asset	0	0	1	USED
ScriptableObjects/IngredientData/I065	40af3a54201144bad8b78a15812416f2	ScriptableObjects/IngredientData/I065.asset	0	0	1	USED
ScriptableObjects/IngredientData/I020	5722f4da2718646ec82cc22723cbf8d8	ScriptableObjects/IngredientData/I020.asset	0	0	1	USED
ScriptableObjects/IngredientData/I019	bef77a6b316e640c89a8562f48bc7161	ScriptableObjects/IngredientData/I019.asset	0	0	1	USED
ScriptableObjects/IngredientData/I024	79a78d28e5876407385a962b3242a0cb	ScriptableObjects/IngredientData/I024.asset	0	0	1	USED
ScriptableObjects/IngredientData/I002	6e58ef14cb7ac45388f78d2b4d0727ae	ScriptableObjects/IngredientData/I002.asset	0	0	1	USED
ScriptableObjects/IngredientData/I026	5c363e2f6d9bb49e8875ddec9c4d0917	ScriptableObjects/IngredientData/I026.asset	0	0	1	USED
ScriptableObjects/IngredientData/I005	f4ae460a84f8146c7bcf2cec565684a4	ScriptableObjects/IngredientData/I005.asset	0	0	1	USED
ScriptableObjects/IngredientData/I021	a84c87ff7d9c64e10991b1e5cb4885ab	ScriptableObjects/IngredientData/I021.asset	0	0	1	USED
ScriptableObjects/IngredientData/I023	e343ac6a2df164f4f93f425f9e225716	ScriptableObjects/IngredientData/I023.asset	0	0	1	USED
ScriptableObjects/IngredientData/I066	62c9c111ee9bd4c31b0c53b1e0987277	ScriptableObjects/IngredientData/I066.asset	0	0	1	USED
ScriptableObjects/IngredientData/I007	83ef1fe560b9b4a15ad1de0e7c5748d3	ScriptableObjects/IngredientData/I007.asset	0	0	1	USED
ScriptableObjects/IngredientData/I003	19b8f2b1788c54d44bd9ce35db70a755	ScriptableObjects/IngredientData/I003.asset	0	0	1	USED
ScriptableObjects/IngredientData/I027	bdfc84ac0e7f245868efc2255566bd52	ScriptableObjects/IngredientData/I027.asset	0	0	1	USED
ScriptableObjects/IngredientData/I025	44e6342875e4e476c81fc10ce2609f6f	ScriptableObjects/IngredientData/I025.asset	0	0	1	USED
ScriptableObjects/IngredientData/I018	e2e118fe16c8a45dfba20845c307ef2b	ScriptableObjects/IngredientData/I018.asset	0	0	1	USED
ScriptableObjects/IngredientData/I001	9b0656e1f36184cac8e19d67ae477a7c	ScriptableObjects/IngredientData/I001.asset	0	0	1	USED
ScriptableObjects/IngredientData/I030	c796448cf49834972ad66ecef77eb3a5	ScriptableObjects/IngredientData/I030.asset	0	0	1	USED
ScriptableObjects/IngredientData/I014	b44bf628c327a4d55804fc45ff092520	ScriptableObjects/IngredientData/I014.asset	0	0	1	USED
ScriptableObjects/IngredientData/I029	77ae011f99ef246c4bd20cd12ca44dc0	ScriptableObjects/IngredientData/I029.asset	0	0	1	USED
ScriptableObjects/IngredientData/I016	ae11f2a2611844a6193e0a67824effe3	ScriptableObjects/IngredientData/I016.asset	0	0	1	USED
ScriptableObjects/IngredientData/I012	83b58ab3180aa4ba79e0ce2a903933b5	ScriptableObjects/IngredientData/I012.asset	0	0	1	USED
ScriptableObjects/IngredientData/I010	70105973c88624911aa21985fe65b797	ScriptableObjects/IngredientData/I010.asset	0	0	1	USED
ScriptableObjects/IngredientData/I068	04c642789920f4ccab6e4195c97354da	ScriptableObjects/IngredientData/I068.asset	0	0	1	USED
ScriptableObjects/IngredientData/I009	c0d23bae601894c4eb791485eb1cde1a	ScriptableObjects/IngredientData/I009.asset	0	0	1	USED
ScriptableObjects/IngredientData/I017	174f647c17cd64cbfaef98fc1deea2e6	ScriptableObjects/IngredientData/I017.asset	0	0	1	USED
ScriptableObjects/IngredientData/I031	096820738f3a44a14a3041d519bcd749	ScriptableObjects/IngredientData/I031.asset	0	0	1	USED
ScriptableObjects/IngredientData/I028	b09191c08744641a5be645ef0f30f9e5	ScriptableObjects/IngredientData/I028.asset	0	0	1	USED
ScriptableObjects/IngredientData/I015	b962a7b010f814967baaa6ff06e369b9	ScriptableObjects/IngredientData/I015.asset	0	0	1	USED
ScriptableObjects/IngredientData/I069	8eec491469fa7413e9a3524877be62fc	ScriptableObjects/IngredientData/I069.asset	0	0	1	USED
ScriptableObjects/IngredientData/I070	33295f187a23e44b39440afae979342b	ScriptableObjects/IngredientData/I070.asset	0	0	1	USED
ScriptableObjects/IngredientData/I008	610bb7ac99f8e40f59e9f5c72d830ede	ScriptableObjects/IngredientData/I008.asset	0	0	1	USED
ScriptableObjects/IngredientData/I013	c711e1e78b56849668b0215d68863867	ScriptableObjects/IngredientData/I013.asset	0	0	1	USED
ScriptableObjects/Config/FoodShopConfig	eae71541312c54a23bbe22f712fe8da6	ScriptableObjects/Config/FoodShopConfig.asset	1	0	0	USED
ScriptableObjects/RecipeData/R008	347869f30a915452abd3a817e0af6fcc	ScriptableObjects/RecipeData/R008.asset	0	0	1	USED
ScriptableObjects/RecipeData/R013	61ea51083f2234b85905dce9c9e72904	ScriptableObjects/RecipeData/R013.asset	0	0	1	USED
ScriptableObjects/RecipeData/R017	b1edeab9481f84fabb100a1ae59df818	ScriptableObjects/RecipeData/R017.asset	0	0	1	USED
ScriptableObjects/RecipeData/R028	24226566ad26445339dcf30f2f37982e	ScriptableObjects/RecipeData/R028.asset	0	0	1	USED
ScriptableObjects/RecipeData/R015	ced92d06a55134360a423e25ce927d98	ScriptableObjects/RecipeData/R015.asset	0	0	1	USED
ScriptableObjects/RecipeData/R031	b8dfb632fd8404990a80aedcbb479638	ScriptableObjects/RecipeData/R031.asset	0	0	1	USED
ScriptableObjects/RecipeData/R012	edda0a24f53464980b7c54f856de0124	ScriptableObjects/RecipeData/R012.asset	0	0	1	USED
ScriptableObjects/RecipeData/R009	9b92dbf5420c64bae82fb8243cf0d681	ScriptableObjects/RecipeData/R009.asset	0	0	1	USED
ScriptableObjects/RecipeData/R010	537dbf1a0c1464bf6a7bceae701b2381	ScriptableObjects/RecipeData/R010.asset	0	0	1	USED
ScriptableObjects/RecipeData/R014	9562d2993bd8e4751ac3e9d03ce05b7d	ScriptableObjects/RecipeData/R014.asset	0	0	1	USED
ScriptableObjects/RecipeData/R029	dc31387466a4c49f6a8f2139e856c3ec	ScriptableObjects/RecipeData/R029.asset	0	0	1	USED
ScriptableObjects/RecipeData/R030	652faa5c2b67049e1aee38cc51d956e3	ScriptableObjects/RecipeData/R030.asset	0	0	1	USED
ScriptableObjects/RecipeData/R032	91c390458f89e48b783a7ed791ae57c3	ScriptableObjects/RecipeData/R032.asset	0	0	1	USED
ScriptableObjects/RecipeData/R016	f84fd97be81a94dc496a6c08ed6e2aba	ScriptableObjects/RecipeData/R016.asset	0	0	1	USED
ScriptableObjects/RecipeData/R027	da46d12590d6847c1890df6cf731094c	ScriptableObjects/RecipeData/R027.asset	0	0	1	USED
ScriptableObjects/RecipeData/R003	370bd69d501074d039c183b0abde3603	ScriptableObjects/RecipeData/R003.asset	0	0	1	USED
ScriptableObjects/RecipeData/R025	c37177bba954c47e19dcb2b7a80ee77a	ScriptableObjects/RecipeData/R025.asset	0	0	1	USED
ScriptableObjects/RecipeData/R018	7a8d91f17debc4273b832e51d1129fcd	ScriptableObjects/RecipeData/R018.asset	0	0	1	USED
ScriptableObjects/RecipeData/R021	bd64f0b10487f45b2841d557580a395f	ScriptableObjects/RecipeData/R021.asset	0	0	1	USED
ScriptableObjects/RecipeData/R005	72f00d892abc849dca81616dd0e053c0	ScriptableObjects/RecipeData/R005.asset	0	0	1	USED
ScriptableObjects/RecipeData/R007	bfc7d6318f23d4f3f8da6ae87a34a8fd	ScriptableObjects/RecipeData/R007.asset	0	0	1	USED
ScriptableObjects/RecipeData/R023	50c9b04625b114e89baabf5b622879b6	ScriptableObjects/RecipeData/R023.asset	0	0	1	USED
ScriptableObjects/RecipeData/R000	a233456e22a364b9d9c8cc6d5c49a2c3	ScriptableObjects/RecipeData/R000.asset	0	0	1	USED
ScriptableObjects/RecipeData/R019	de6ede8ff3e4a483996621c4d451571c	ScriptableObjects/RecipeData/R019.asset	0	0	1	USED
ScriptableObjects/RecipeData/R024	6b30da5b10bcf4dd1845eecff26338eb	ScriptableObjects/RecipeData/R024.asset	0	0	1	USED
ScriptableObjects/RecipeData/R026	f2ae63111c84c464ca62b901ea02a3b7	ScriptableObjects/RecipeData/R026.asset	0	0	1	USED
ScriptableObjects/RecipeData/R002	7b5a2c6ab813c4e83a4d581fa3fda1ff	ScriptableObjects/RecipeData/R002.asset	0	0	1	USED
ScriptableObjects/RecipeData/R006	020db814052e24372b78c397205b505c	ScriptableObjects/RecipeData/R006.asset	0	0	1	USED
ScriptableObjects/RecipeData/R022	cfb02344d456747289fae6834bc2173f	ScriptableObjects/RecipeData/R022.asset	0	0	1	USED
ScriptableObjects/RecipeData/R020	844820407098a41a49d436881bd73400	ScriptableObjects/RecipeData/R020.asset	0	0	1	USED
ScriptableObjects/RecipeData/R004	45e3a214d512f46cb931b8788fcb8d28	ScriptableObjects/RecipeData/R004.asset	0	0	1	USED
ScriptableObjects/Dialogue/nimo_solo/Ordering	1dd8f5b64a76545269d452203e4dd6f5	ScriptableObjects/Dialogue/nimo_solo/Ordering.asset	0	0	0	UNUSED
ScriptableObjects/Dialogue/nimo_solo/QuestStart	1ddb2527c706e46d494d2c8f35846584	ScriptableObjects/Dialogue/nimo_solo/QuestStart.asset	0	0	0	UNUSED
ScriptableObjects/Dialogue/nimo_solo/OrderEnd	1ca0483e36d61435cbbd3b961a2e2217	ScriptableObjects/Dialogue/nimo_solo/OrderEnd.asset	0	0	0	UNUSED
ScriptableObjects/Dialogue/nimo_solo/FirstMeet	001b21b431f3044ff91cb6691e7948e2	ScriptableObjects/Dialogue/nimo_solo/FirstMeet.asset	0	0	0	UNUSED
ScriptableObjects/Dialogue/nimo_solo/Config	5ee13c9feff9945b1957312b0abf8441	ScriptableObjects/Dialogue/nimo_solo/Config.asset	0	0	0	UNUSED
ScriptableObjects/Dialogue/nimo_solo/Normal	7253b9baf5a7c419cbb7115108419d19	ScriptableObjects/Dialogue/nimo_solo/Normal.asset	0	0	0	UNUSED
ScriptableObjects/Dialogue/gabriel_solo/Ordering	f75067aa86bd7449591c817cf3e21a63	ScriptableObjects/Dialogue/gabriel_solo/Ordering.asset	0	0	0	UNUSED
ScriptableObjects/Dialogue/gabriel_solo/QuestStart	8370a70efe02649f09cb07b030b0ab24	ScriptableObjects/Dialogue/gabriel_solo/QuestStart.asset	0	0	0	UNUSED
ScriptableObjects/Dialogue/gabriel_solo/OrderEnd	1e484a1e8f3be43c59bf86d953233fbd	ScriptableObjects/Dialogue/gabriel_solo/OrderEnd.asset	0	0	0	UNUSED
ScriptableObjects/Dialogue/gabriel_solo/FirstMeet	f4c968c199c054abcb02b8a5b7579e13	ScriptableObjects/Dialogue/gabriel_solo/FirstMeet.asset	0	0	0	UNUSED
ScriptableObjects/Dialogue/gabriel_solo/Config	824b1e844c869491e9b39782aac7bf4e	ScriptableObjects/Dialogue/gabriel_solo/Config.asset	0	0	0	UNUSED
ScriptableObjects/Dialogue/gabriel_solo/Normal	998771ca002e44e4bbbed10094c0e5db	ScriptableObjects/Dialogue/gabriel_solo/Normal.asset	0	0	0	UNUSED
ScriptableObjects/Dialogue/power_room_pair/Ordering	fe470fb3609544229a2141465aab1eaf	ScriptableObjects/Dialogue/power_room_pair/Ordering.asset	0	0	0	UNUSED
ScriptableObjects/Dialogue/power_room_pair/QuestStart	8cb2d05e1968d4f5e8b5ad5ecf7b9a8e	ScriptableObjects/Dialogue/power_room_pair/QuestStart.asset	0	0	0	UNUSED
ScriptableObjects/Dialogue/power_room_pair/OrderEnd	21b0d08cb11bd4d158b9ad2d2f7d775d	ScriptableObjects/Dialogue/power_room_pair/OrderEnd.asset	0	0	0	UNUSED
ScriptableObjects/Dialogue/power_room_pair/FirstMeet	ea46519d235754a40910b1b2ba5b21f3	ScriptableObjects/Dialogue/power_room_pair/FirstMeet.asset	0	0	0	UNUSED
ScriptableObjects/Dialogue/power_room_pair/Config	c51b14bbd8bf544628b7025bf08550d2	ScriptableObjects/Dialogue/power_room_pair/Config.asset	0	0	0	UNUSED
ScriptableObjects/Dialogue/power_room_pair/Normal	2fdfbb0a62778435c86ae3446ac07df3	ScriptableObjects/Dialogue/power_room_pair/Normal.asset	0	0	0	UNUSED
ScriptableObjects/Dialogue/night_market/Ordering	c4ba4ca688759476b89ced986e756d4f	ScriptableObjects/Dialogue/night_market/Ordering.asset	0	0	0	UNUSED
ScriptableObjects/Dialogue/night_market/QuestStart	cc76f4361d013401994f068bc003739d	ScriptableObjects/Dialogue/night_market/QuestStart.asset	0	0	0	UNUSED
ScriptableObjects/Dialogue/night_market/OrderEnd	c5502efd13cbe48e08fd4806c1e856a1	ScriptableObjects/Dialogue/night_market/OrderEnd.asset	0	0	0	UNUSED
ScriptableObjects/Dialogue/night_market/FirstMeet	3ffd1fdf79d924dad97aa3025406bfdf	ScriptableObjects/Dialogue/night_market/FirstMeet.asset	0	0	0	UNUSED
ScriptableObjects/Dialogue/night_market/Config	4879be5620d524cd2a831e97a0394b3e	ScriptableObjects/Dialogue/night_market/Config.asset	0	0	0	UNUSED
ScriptableObjects/Dialogue/night_market/Normal	3e6ac09aaa85e49bc903f8409aba605a	ScriptableObjects/Dialogue/night_market/Normal.asset	0	0	0	UNUSED
ScriptableObjects/Dialogue/lede_solo/Ordering	bc4f82aef2fcd477da0097fdbbcec480	ScriptableObjects/Dialogue/lede_solo/Ordering.asset	0	0	0	UNUSED
ScriptableObjects/Dialogue/lede_solo/QuestStart	2cffc63204111479e804b94becf5d8eb	ScriptableObjects/Dialogue/lede_solo/QuestStart.asset	0	0	0	UNUSED
ScriptableObjects/Dialogue/lede_solo/OrderEnd	89b540a61e66846b2a1e687fa1b28151	ScriptableObjects/Dialogue/lede_solo/OrderEnd.asset	0	0	0	UNUSED
ScriptableObjects/Dialogue/lede_solo/FirstMeet	f2cad83e50528455fa93ff924f7469ec	ScriptableObjects/Dialogue/lede_solo/FirstMeet.asset	0	0	0	UNUSED
ScriptableObjects/Dialogue/lede_solo/Config	167ab3404e54b403a9bc54f578cb445e	ScriptableObjects/Dialogue/lede_solo/Config.asset	0	0	0	UNUSED
ScriptableObjects/Dialogue/lede_solo/Normal	f1007cfae945447778bcc284031bd18d	ScriptableObjects/Dialogue/lede_solo/Normal.asset	0	0	0	UNUSED
ScriptableObjects/Dialogue/seraph_solo/Ordering	e72b60db2d6014bc98b1b3ed069c24c7	ScriptableObjects/Dialogue/seraph_solo/Ordering.asset	0	0	0	UNUSED
ScriptableObjects/Dialogue/seraph_solo/QuestStart	eccac6bda76ec4acd8411486993f93fe	ScriptableObjects/Dialogue/seraph_solo/QuestStart.asset	0	0	0	UNUSED
ScriptableObjects/Dialogue/seraph_solo/OrderEnd	e0e06783763a24485bc16fc569db12fd	ScriptableObjects/Dialogue/seraph_solo/OrderEnd.asset	0	0	0	UNUSED
ScriptableObjects/Dialogue/seraph_solo/FirstMeet	deb1ceb582f6e493998c2c7230b50aaf	ScriptableObjects/Dialogue/seraph_solo/FirstMeet.asset	0	0	0	UNUSED
ScriptableObjects/Dialogue/seraph_solo/Config	85239df4c0f234a6383ae82504575b1f	ScriptableObjects/Dialogue/seraph_solo/Config.asset	0	0	0	UNUSED
ScriptableObjects/Dialogue/seraph_solo/Normal	d50557833363845009df39422b6f5930	ScriptableObjects/Dialogue/seraph_solo/Normal.asset	0	0	0	UNUSED
ScriptableObjects/DeliveryNpcData/npc_seraph	083f4d40dd4324aadb563e1407ad2722	ScriptableObjects/DeliveryNpcData/npc_seraph.asset	0	0	1	USED
ScriptableObjects/DeliveryNpcData/npc_nimo	fee5f01a9911348ea8920f8d9611dc32	ScriptableObjects/DeliveryNpcData/npc_nimo.asset	0	0	1	USED
ScriptableObjects/DeliveryNpcData/npc_sranya	0b263a3458f1a4699aef748228e4aa93	ScriptableObjects/DeliveryNpcData/npc_sranya.asset	0	0	1	USED
ScriptableObjects/DeliveryNpcData/npc_moai	aa612400018074060a256c9e81018746	ScriptableObjects/DeliveryNpcData/npc_moai.asset	0	0	1	USED
ScriptableObjects/DeliveryNpcData/npc_gabriel	36c81fe75766e493d8017d0836d51420	ScriptableObjects/DeliveryNpcData/npc_gabriel.asset	0	0	1	USED
ScriptableObjects/DeliveryNpcData/npc_lede	8c8d5402c15b44580892a4c983130e9d	ScriptableObjects/DeliveryNpcData/npc_lede.asset	0	0	1	USED
ScriptableObjects/DeliveryNpcData/npc_jar	6228da6a73a0344129603d218f4bf8d8	ScriptableObjects/DeliveryNpcData/npc_jar.asset	0	0	1	USED
ScriptableObjects/DeliveryNpcData/npc_pajama	4de1e7c1004984831b319745b017c900	ScriptableObjects/DeliveryNpcData/npc_pajama.asset	0	0	1	USED
ScriptableObjects/DeliveryNpcData/npc_getoro	1d0b7ad69a9734735bdcfe4bd7769f42	ScriptableObjects/DeliveryNpcData/npc_getoro.asset	0	0	1	USED
ScriptableObjects/Customer/grumbling	3e058b5ad379143dea3bfa2e64bad419	ScriptableObjects/Customer/grumbling.asset	0	1	0	USED
ScriptableObjects/Customer/warm	9643d5d79c6d149c7b00ace24d0132d3	ScriptableObjects/Customer/warm.asset	0	1	0	USED
ScriptableObjects/Customer/machine	1a9614cf0c2794fa4a5883b1caea1170	ScriptableObjects/Customer/machine.asset	0	1	0	USED
ScriptableObjects/Customer/impatient	e2bf173eeaee14b3592b76b624153793	ScriptableObjects/Customer/impatient.asset	0	1	0	USED
ScriptableObjects/Customer/glum	af91bcfacf6204b189e83f3b1ce750e0	ScriptableObjects/Customer/glum.asset	0	1	0	USED
ScriptableObjects/Customer/cynical	e9032e26783ef449598e21b435767710	ScriptableObjects/Customer/cynical.asset	0	1	0	USED
ScriptableObjects/Customer/emotional	0b908daf1729645e7963ff543016c14b	ScriptableObjects/Customer/emotional.asset	0	1	0	USED
ScriptableObjects/CookingTools/Pan	af9483842c0e0442c9e4bb0c5edfadf3	ScriptableObjects/CookingTools/Pan.asset	0	1	1	USED
ScriptableObjects/CookingTools/griddle	84b53a0cb0aaa439dba2a81c671a143b	ScriptableObjects/CookingTools/griddle.asset	0	1	1	USED
ScriptableObjects/CookingTools/Bowl	9f5edea78607e4f4ba716a98dd42e5dc	ScriptableObjects/CookingTools/Bowl.asset	0	1	1	USED
ScriptableObjects/CookingTools/Pot	5cd5ed3b860034cb0842e1530b066782	ScriptableObjects/CookingTools/Pot.asset	0	1	1	USED
ScriptableObjects/CookingTools/CuttingBoard	573843436d51d4e1084d2191fdb9f7aa	ScriptableObjects/CookingTools/CuttingBoard.asset	0	1	1	USED
Sound/		Sound/.DS_Store	0	0	0	UNUSED
Sound/sfx/sfx_conversation_npc	2be3d3e5314864bfcb852f63a3dcb30c	Sound/sfx/sfx_conversation_npc.mp3	0	1	0	USED
Sound/sfx/sfx_refrigerator_close	f3cf53494c22e40919a2095324752e92	Sound/sfx/sfx_refrigerator_close.mp3	0	1	0	USED
Sound/sfx/sfx_paper_attach	f1cc0e6813f6b439aab9069b12e0a5e2	Sound/sfx/sfx_paper_attach.mp3	0	0	0	UNUSED
Sound/sfx/sfx_trashcan_put 1	f7af354766e9845c89b27d6c343d2cf5	Sound/sfx/sfx_trashcan_put 1.mp3	0	0	0	UNUSED
Sound/sfx/sfx_foodtray_pick	bdf6c23d9e1e049c793fac71867307dd	Sound/sfx/sfx_foodtray_pick.mp3	0	0	0	UNUSED
Sound/sfx/sfx_paper_fly	fd697843aacda40ffa692123e1186e1a	Sound/sfx/sfx_paper_fly.mp3	0	0	0	UNUSED
Sound/sfx/sfx_cook_cuttingset	36d8d94c1731649d687d8e6abcc54fb9	Sound/sfx/sfx_cook_cuttingset.mp3	0	0	0	UNUSED
Sound/sfx/sfx_doorbell_ring	baa552c71d8c24141bb0e3ecd451ca22	Sound/sfx/sfx_doorbell_ring.mp3	0	1	0	USED
Sound/sfx/sfx_trashcan_put	438d05766992e47919ed02c9792e9353	Sound/sfx/sfx_trashcan_put.mp3	0	0	0	UNUSED
Sound/sfx/sfx_cook_boilingpot	d13e15232a21d438ba17e472ed8b29c7	Sound/sfx/sfx_cook_boilingpot.mp3	0	0	0	UNUSED
Sound/sfx/sfx_ui_button_click	d69ef296295da44cbbdfda58fc9d737b	Sound/sfx/sfx_ui_button_click.mp3	0	1	0	USED
Sound/sfx/sfx_foodtray_drop	def805ce710264dee846c23c428b1f9a	Sound/sfx/sfx_foodtray_drop.mp3	0	0	0	UNUSED
Sound/sfx/sfx_walk	53de61b27d72c4864bab03061ea3cb1d	Sound/sfx/sfx_walk.mp3	0	1	0	USED
Sound/sfx/sfx_cash_drawer	106fc2d7777444390ba727c44c627804	Sound/sfx/sfx_cash_drawer.mp3	0	0	0	UNUSED
Sound/sfx/sfx_ui_book	31d1f57fdea9543c3936e613ecc34c47	Sound/sfx/sfx_ui_book.mp3	0	1	0	USED
Sound/sfx/sfx_clock_tick	ec3ff082bca6447019f0d1126895a1d6	Sound/sfx/sfx_clock_tick.mp3	0	1	0	USED
Sound/sfx/sfx_refrigerator_open	765d63c2033ea4898ac49b1776ff1cab	Sound/sfx/sfx_refrigerator_open.mp3	0	1	0	USED
Sound/sfx/sfx_cook_bowl	43b1bf5e91cf643b2a88f59761eb852c	Sound/sfx/sfx_cook_bowl.mp3	0	0	0	UNUSED
Sound/sfx/sfx_cook_ironplate	311ab480ff29c46b58ebb6dfc5ef3d79	Sound/sfx/sfx_cook_ironplate.mp3	0	0	0	UNUSED
Sound/bgm/bgm_mall_theme	f2e88d222179644bf9522dbbf0974fe4	Sound/bgm/bgm_mall_theme.mp3	0	0	0	UNUSED
Sound/bgm/bgm_preperation_theme	1d30f6b7b33c14d0face99950d6bf5ee	Sound/bgm/bgm_preperation_theme.mp3	0	1	0	USED
Sound/bgm/bgm_night_theme	e5bfc24d070ff461dbce1867c04df9aa	Sound/bgm/bgm_night_theme.mp3	0	0	0	UNUSED
